Timestamp,Open,High,Low,Close,Volume
2023-01-02T09:15:00+05:30,614.95,619.2,612.8,617.0,1757206
2023-01-02T10:15:00+05:30,616.8,617.2,613.75,613.95,1189021
2023-01-02T11:15:00+05:30,614.0,614.95,613.35,614.6,575078
2023-01-02T12:15:00+05:30,614.6,615.2,613.0,614.4,574622
2023-01-02T13:15:00+05:30,614.45,614.6,612.1,613.3,663353
2023-01-02T14:15:00+05:30,613.3,613.7,611.2,612.55,1182304
2023-01-02T15:15:00+05:30,612.5,612.75,611.5,612.2,784500
2023-01-03T09:15:00+05:30,614.5,616.6,613.45,615.0,1510189
2023-01-03T10:15:00+05:30,615.15,615.2,612.1,613.25,784263
2023-01-03T11:15:00+05:30,613.25,614.0,611.5,611.65,745357
2023-01-03T12:15:00+05:30,611.55,611.85,610.0,611.4,928906
2023-01-03T13:15:00+05:30,611.5,614.7,610.8,613.1,1001957
2023-01-03T14:15:00+05:30,613.15,615.35,611.55,612.5,1293329
2023-01-03T15:15:00+05:30,612.45,613.0,612.05,612.4,554061
2023-01-04T09:15:00+05:30,611.85,614.95,608.05,609.25,1703805
2023-01-04T10:15:00+05:30,609.3,610.0,606.0,606.95,833022
2023-01-04T11:15:00+05:30,606.95,608.2,604.0,604.7,939129
2023-01-04T12:15:00+05:30,604.5,607.95,604.4,607.6,737431
2023-01-04T13:15:00+05:30,607.6,608.7,606.75,608.05,707855
2023-01-04T14:15:00+05:30,608.1,608.4,604.0,605.35,1400677
2023-01-04T15:15:00+05:30,605.5,606.0,604.5,605.2,689272
2023-01-05T09:15:00+05:30,607.0,611.6,606.2,608.7,1650562
2023-01-05T10:15:00+05:30,608.7,609.45,607.5,607.95,488500
2023-01-05T11:15:00+05:30,607.9,608.55,606.6,606.85,533727
2023-01-05T12:15:00+05:30,606.85,607.55,604.1,605.55,1020358
2023-01-05T13:15:00+05:30,605.7,605.7,601.95,603.8,1238800
2023-01-05T14:15:00+05:30,603.95,605.7,603.05,604.8,2356610
2023-01-05T15:15:00+05:30,604.75,606.6,604.65,605.1,952918
2023-01-06T09:15:00+05:30,607.4,607.45,603.2,603.55,1239001
2023-01-06T10:15:00+05:30,603.65,604.95,602.4,603.85,1001446
2023-01-06T11:15:00+05:30,603.9,604.3,602.7,603.95,772130
2023-01-06T12:15:00+05:30,603.95,604.2,599.0,599.05,1214691
2023-01-06T13:15:00+05:30,599.0,600.95,597.2,598.75,1323540
2023-01-06T14:15:00+05:30,598.7,602.25,597.0,601.3,1770687
2023-01-06T15:15:00+05:30,601.25,601.85,600.05,600.65,650541
2023-01-09T09:15:00+05:30,605.0,606.9,600.1,605.65,2025500
2023-01-09T10:15:00+05:30,605.55,606.45,605.05,605.45,799599
2023-01-09T11:15:00+05:30,605.45,608.85,605.0,606.2,2072428
2023-01-09T12:15:00+05:30,606.25,607.4,605.3,606.85,1048299
2023-01-09T13:15:00+05:30,606.85,607.85,604.4,606.35,890979
2023-01-09T14:15:00+05:30,606.3,608.5,605.25,608.05,1450635
2023-01-09T15:15:00+05:30,608.2,609.0,607.5,607.7,591465
2023-01-10T09:15:00+05:30,608.45,609.0,598.0,599.8,1924028
2023-01-10T10:15:00+05:30,599.75,600.25,596.0,596.0,1150214
2023-01-10T11:15:00+05:30,596.1,596.15,593.05,594.85,1223069
2023-01-10T12:15:00+05:30,594.85,595.3,590.6,593.1,1571905
2023-01-10T13:15:00+05:30,593.1,596.3,592.55,595.15,1385033
2023-01-10T14:15:00+05:30,595.25,596.4,592.6,595.15,2303216
2023-01-10T15:15:00+05:30,595.1,595.65,594.8,595.15,1065195
2023-01-11T09:15:00+05:30,596.45,599.5,592.25,599.25,2236155
2023-01-11T10:15:00+05:30,599.15,599.4,596.65,598.65,981271
2023-01-11T11:15:00+05:30,598.7,599.25,596.7,596.9,651103
2023-01-11T12:15:00+05:30,596.85,597.35,595.15,596.3,718258
2023-01-11T13:15:00+05:30,596.55,596.95,594.6,595.85,782963
2023-01-11T14:15:00+05:30,595.85,598.5,595.35,596.6,1423875
2023-01-11T15:15:00+05:30,596.6,597.1,596.0,596.7,626005
2023-01-12T09:15:00+05:30,597.9,597.9,593.3,594.45,1877945
2023-01-12T10:15:00+05:30,594.35,594.45,590.75,592.0,949594
2023-01-12T11:15:00+05:30,592.05,594.25,591.6,593.5,907932
2023-01-12T12:15:00+05:30,593.5,593.85,591.4,592.8,1225987
2023-01-12T13:15:00+05:30,592.8,594.1,590.1,593.4,1262214
2023-01-12T14:15:00+05:30,593.5,596.0,593.25,595.15,1356372
2023-01-12T15:15:00+05:30,595.4,595.65,594.2,594.9,603671
2023-01-13T09:15:00+05:30,597.9,598.75,593.65,594.9,1770946
2023-01-13T10:15:00+05:30,594.75,596.25,594.25,595.6,626276
2023-01-13T11:15:00+05:30,595.55,596.75,594.85,596.45,466269
2023-01-13T12:15:00+05:30,596.55,601.55,596.35,600.75,1454624
2023-01-13T13:15:00+05:30,600.7,602.9,600.45,601.3,1305024
2023-01-13T14:15:00+05:30,601.3,601.55,599.35,600.25,1629354
2023-01-13T15:15:00+05:30,600.25,600.7,599.7,600.1,625117
2023-01-16T09:15:00+05:30,603.0,606.1,601.15,604.1,1583649
2023-01-16T10:15:00+05:30,604.05,604.75,603.15,603.2,443072
2023-01-16T11:15:00+05:30,603.2,603.75,601.7,602.5,570648
2023-01-16T12:15:00+05:30,602.55,603.8,600.6,603.7,726604
2023-01-16T13:15:00+05:30,603.7,605.65,602.05,602.5,988453
2023-01-16T14:15:00+05:30,602.45,603.15,601.0,602.7,797230
2023-01-16T15:15:00+05:30,602.5,603.9,602.5,603.0,373535
2023-01-17T09:15:00+05:30,603.0,606.0,600.1,605.4,1241295
2023-01-17T10:15:00+05:30,605.35,605.45,602.05,602.6,583379
2023-01-17T11:15:00+05:30,602.4,602.6,597.05,597.95,1149924
2023-01-17T12:15:00+05:30,598.0,598.35,590.6,591.25,4683559
2023-01-17T13:15:00+05:30,591.25,591.3,586.05,590.55,2432584
2023-01-17T14:15:00+05:30,590.6,593.35,590.0,593.0,2385255
2023-01-17T15:15:00+05:30,592.9,594.3,592.8,592.95,986003
2023-01-18T09:15:00+05:30,595.9,597.15,587.6,590.85,4293940
2023-01-18T10:15:00+05:30,590.9,591.3,589.5,590.6,906157
2023-01-18T11:15:00+05:30,590.6,593.35,590.1,591.85,1509291
2023-01-18T12:15:00+05:30,591.85,591.95,589.15,590.0,1068517
2023-01-18T13:15:00+05:30,590.0,593.7,589.85,592.5,1449101
2023-01-18T14:15:00+05:30,592.45,593.8,591.0,591.0,1439606
2023-01-18T15:15:00+05:30,591.1,591.5,590.6,591.45,871463
2023-01-19T09:15:00+05:30,591.0,591.0,587.55,590.3,1697110
2023-01-19T10:15:00+05:30,590.25,591.75,589.15,589.5,1317071
2023-01-19T11:15:00+05:30,589.55,591.15,588.55,589.75,673456
2023-01-19T12:15:00+05:30,589.75,589.8,588.2,589.2,1052933
2023-01-19T13:15:00+05:30,589.2,590.3,588.3,589.8,882087
2023-01-19T14:15:00+05:30,589.8,590.3,588.6,589.5,1215611
2023-01-19T15:15:00+05:30,589.55,590.2,589.45,589.85,637420
2023-01-20T09:15:00+05:30,593.8,596.0,590.8,595.4,1830639
2023-01-20T10:15:00+05:30,595.4,596.6,594.4,594.6,780703
2023-01-20T11:15:00+05:30,594.6,595.2,593.25,594.55,797556
2023-01-20T12:15:00+05:30,594.55,595.9,594.5,595.45,634492
2023-01-20T13:15:00+05:30,595.45,595.65,593.0,593.6,809365
2023-01-20T14:15:00+05:30,593.6,594.65,591.1,592.2,1312748
2023-01-20T15:15:00+05:30,592.25,592.95,592.0,592.2,585104
2023-01-23T09:15:00+05:30,598.5,599.75,592.95,598.75,1762520
2023-01-23T10:15:00+05:30,598.7,600.0,598.55,599.15,738775
2023-01-23T11:15:00+05:30,599.1,600.9,598.8,599.3,755491
2023-01-23T12:15:00+05:30,599.4,600.5,599.3,600.35,686775
2023-01-23T13:15:00+05:30,600.35,601.75,600.1,600.5,943093
2023-01-23T14:15:00+05:30,600.45,601.0,597.5,600.2,1196806
2023-01-23T15:15:00+05:30,600.15,601.5,600.0,600.45,521009
2023-01-24T09:15:00+05:30,603.5,604.6,600.65,601.35,1460761
2023-01-24T10:15:00+05:30,601.3,602.65,600.25,601.1,751954
2023-01-24T11:15:00+05:30,601.05,601.1,597.2,598.2,1163036
2023-01-24T12:15:00+05:30,598.2,598.75,596.7,597.15,742042
2023-01-24T13:15:00+05:30,597.2,597.2,593.65,595.25,1452764
2023-01-24T14:15:00+05:30,595.2,596.1,594.35,594.4,1348814
2023-01-24T15:15:00+05:30,594.3,594.75,593.05,594.35,690252
2023-01-25T09:15:00+05:30,595.85,595.85,580.2,580.25,3902652
2023-01-25T10:15:00+05:30,580.35,580.35,574.15,574.7,5167758
2023-01-25T11:15:00+05:30,574.7,574.85,568.0,569.05,4847130
2023-01-25T12:15:00+05:30,569.05,572.6,568.35,572.1,2636374
2023-01-25T13:15:00+05:30,572.05,574.6,570.0,574.3,2379648
2023-01-25T14:15:00+05:30,574.25,574.45,568.35,569.0,3907540
2023-01-25T15:15:00+05:30,569.0,569.0,567.4,568.7,2845192
2023-01-27T09:15:00+05:30,568.0,568.55,553.4,554.85,9141484
2023-01-27T10:15:00+05:30,554.85,560.4,553.0,554.35,5111532
2023-01-27T11:15:00+05:30,554.4,555.95,543.0,544.9,6755889
2023-01-27T12:15:00+05:30,544.8,546.0,532.25,544.8,7623686
2023-01-27T13:15:00+05:30,545.0,546.0,535.55,536.05,4514032
2023-01-27T14:15:00+05:30,536.0,540.65,536.0,539.35,5197312
2023-01-27T15:15:00+05:30,539.3,542.0,538.7,539.95,1819529
2023-01-30T09:15:00+05:30,536.0,554.35,533.15,540.05,13673785
2023-01-30T10:15:00+05:30,540.3,541.45,530.05,533.1,4361635
2023-01-30T11:15:00+05:30,533.1,538.4,532.05,535.3,3060935
2023-01-30T12:15:00+05:30,535.2,535.95,530.0,530.2,2861065
2023-01-30T13:15:00+05:30,530.2,531.85,525.2,530.75,4693111
2023-01-30T14:15:00+05:30,530.6,540.9,527.9,540.8,9649250
2023-01-30T15:15:00+05:30,540.85,541.9,537.4,538.2,2498044
2023-01-31T09:15:00+05:30,545.0,547.2,537.85,546.4,4014672
2023-01-31T10:15:00+05:30,546.25,554.0,545.1,552.45,3955009
2023-01-31T11:15:00+05:30,552.35,555.0,551.8,552.35,2588646
2023-01-31T12:15:00+05:30,552.3,557.0,551.65,555.45,1873636
2023-01-31T13:15:00+05:30,555.45,555.85,550.8,551.35,2383994
2023-01-31T14:15:00+05:30,551.35,553.7,549.6,553.65,4871478
2023-01-31T15:15:00+05:30,553.7,556.95,553.5,553.5,2224508
2023-02-01T09:15:00+05:30,561.4,561.9,553.0,556.55,4306666
2023-02-01T10:15:00+05:30,556.5,557.75,555.45,555.8,1538376
2023-02-01T11:15:00+05:30,555.9,556.0,550.0,551.8,2489055
2023-02-01T12:15:00+05:30,551.8,565.0,545.45,560.75,6202074
2023-02-01T13:15:00+05:30,560.65,561.5,537.8,540.9,6506216
2023-02-01T14:15:00+05:30,540.7,540.85,499.35,526.85,14575900
2023-02-01T15:15:00+05:30,526.95,528.95,523.25,527.35,2600523
2023-02-02T09:15:00+05:30,520.2,532.65,502.5,523.45,15071144
2023-02-02T10:15:00+05:30,523.6,525.45,518.15,523.9,4060456
2023-02-02T11:15:00+05:30,523.8,529.0,521.2,523.45,2540016
2023-02-02T12:15:00+05:30,523.45,525.55,520.05,521.55,3135511
2023-02-02T13:15:00+05:30,521.6,524.95,514.35,522.0,5247049
2023-02-02T14:15:00+05:30,522.15,531.95,521.85,527.0,6759494
2023-02-02T15:15:00+05:30,526.9,532.5,526.1,528.1,2473386
2023-02-03T09:15:00+05:30,536.0,541.0,529.1,531.1,8429391
2023-02-03T10:15:00+05:30,531.15,531.45,519.15,525.5,4519097
2023-02-03T11:15:00+05:30,525.55,531.55,522.5,529.4,2675946
2023-02-03T12:15:00+05:30,529.65,533.3,529.2,532.25,2552237
2023-02-03T13:15:00+05:30,532.15,539.9,531.0,539.65,4070635
2023-02-03T14:15:00+05:30,539.75,545.95,539.5,544.15,8230540
2023-02-03T15:15:00+05:30,544.1,545.8,543.2,544.2,1839386
2023-02-06T09:15:00+05:30,552.1,554.2,536.55,544.4,11103197
2023-02-06T10:15:00+05:30,544.3,544.9,540.4,542.75,2428170
2023-02-06T11:15:00+05:30,542.75,547.1,542.55,545.0,2253614
2023-02-06T12:15:00+05:30,545.0,546.8,544.0,544.85,1919503
2023-02-06T13:15:00+05:30,544.6,548.35,544.25,546.5,2625115
2023-02-06T14:15:00+05:30,546.45,547.15,545.0,545.95,3308629
2023-02-06T15:15:00+05:30,545.9,546.0,543.4,545.4,1692020
2023-02-07T09:15:00+05:30,548.0,548.0,542.9,547.0,3248110
2023-02-07T10:15:00+05:30,547.2,551.4,546.1,549.9,3235226
2023-02-07T11:15:00+05:30,549.9,551.1,548.0,549.35,1578997
2023-02-07T12:15:00+05:30,549.3,549.5,542.45,543.1,2481537
2023-02-07T13:15:00+05:30,543.2,547.3,541.05,545.85,2433407
2023-02-07T14:15:00+05:30,545.8,548.7,544.6,546.95,2330517
2023-02-07T15:15:00+05:30,546.85,547.5,545.5,547.1,888153
2023-02-08T09:15:00+05:30,550.0,554.5,548.0,552.8,4813238
2023-02-08T10:15:00+05:30,552.85,553.0,545.5,549.3,3295028
2023-02-08T11:15:00+05:30,549.4,550.0,547.4,548.8,1039400
2023-02-08T12:15:00+05:30,548.5,549.2,547.1,548.55,1103826
2023-02-08T13:15:00+05:30,548.7,549.15,547.1,548.9,1666036
2023-02-08T14:15:00+05:30,548.9,550.25,548.45,549.85,2387300
2023-02-08T15:15:00+05:30,549.85,551.25,549.15,549.75,1198019
2023-02-09T09:15:00+05:30,552.0,552.0,542.8,547.5,4498453
2023-02-09T10:15:00+05:30,547.55,549.0,547.0,547.75,1360537
2023-02-09T11:15:00+05:30,547.7,549.0,546.65,546.8,1542774
2023-02-09T12:15:00+05:30,546.8,547.85,546.0,547.25,1557829
2023-02-09T13:15:00+05:30,547.25,551.15,546.7,550.45,2548633
2023-02-09T14:15:00+05:30,550.55,551.75,549.45,550.95,2405294
2023-02-09T15:15:00+05:30,551.0,551.5,550.5,550.8,1147527
2023-02-10T09:15:00+05:30,546.5,557.25,546.5,556.0,3922051
2023-02-10T10:15:00+05:30,556.0,556.9,553.8,554.75,1746941
2023-02-10T11:15:00+05:30,554.75,556.5,554.6,555.7,1199018
2023-02-10T12:15:00+05:30,555.55,556.2,552.6,553.2,1767935
2023-02-10T13:15:00+05:30,553.45,554.8,553.0,553.75,1753942
2023-02-10T14:15:00+05:30,553.75,554.25,551.15,553.25,2387052
2023-02-10T15:15:00+05:30,553.25,553.55,552.1,553.05,1047536
2023-02-13T09:15:00+05:30,554.0,556.9,533.3,539.15,5979480
2023-02-13T10:15:00+05:30,539.3,540.0,535.0,535.9,2970781
2023-02-13T11:15:00+05:30,535.95,537.9,534.4,537.5,2456616
2023-02-13T12:15:00+05:30,537.5,537.55,535.3,536.6,1510295
2023-02-13T13:15:00+05:30,536.6,538.6,535.7,536.7,1746924
2023-02-13T14:15:00+05:30,536.75,537.95,536.2,537.55,2377070
2023-02-13T15:15:00+05:30,537.55,537.75,536.1,537.5,1447566
2023-02-14T09:15:00+05:30,539.95,539.95,530.75,534.35,4519905
2023-02-14T10:15:00+05:30,534.4,535.95,532.8,533.8,2502703
2023-02-14T11:15:00+05:30,533.75,535.2,533.2,535.1,1415017
2023-02-14T12:15:00+05:30,535.05,537.35,534.3,536.0,1942506
2023-02-14T13:15:00+05:30,536.0,539.8,534.9,539.3,2376509
2023-02-14T14:15:00+05:30,539.05,544.6,538.1,540.65,4658065
2023-02-14T15:15:00+05:30,540.65,541.4,540.4,540.85,1145204
2023-02-15T09:15:00+05:30,540.0,543.5,536.8,542.1,2416363
2023-02-15T10:15:00+05:30,542.1,544.0,541.75,543.6,1141285
2023-02-15T11:15:00+05:30,543.6,544.65,540.0,541.4,1800656
2023-02-15T12:15:00+05:30,541.35,541.75,539.35,539.35,1400773
2023-02-15T13:15:00+05:30,539.45,540.85,539.05,539.85,1929870
2023-02-15T14:15:00+05:30,539.8,542.55,539.35,542.0,2773334
2023-02-15T15:15:00+05:30,542.05,543.2,541.8,542.25,1334298
2023-02-16T09:15:00+05:30,546.85,546.85,543.0,543.85,2763379
2023-02-16T10:15:00+05:30,543.9,544.15,541.4,541.9,1932403
2023-02-16T11:15:00+05:30,541.75,543.2,540.55,542.15,1624684
2023-02-16T12:15:00+05:30,542.2,542.6,540.65,542.4,1523877
2023-02-16T13:15:00+05:30,542.3,543.5,541.3,542.65,1525019
2023-02-16T14:15:00+05:30,542.7,543.05,540.1,540.15,2147312
2023-02-16T15:15:00+05:30,540.35,540.5,538.5,540.1,1250342
2023-02-17T09:15:00+05:30,538.5,539.65,534.25,536.4,2161554
2023-02-17T10:15:00+05:30,536.5,537.45,534.0,534.9,1107913
2023-02-17T11:15:00+05:30,534.9,535.5,532.8,533.25,1740239
2023-02-17T12:15:00+05:30,533.25,533.3,528.95,529.05,2459018
2023-02-17T13:15:00+05:30,529.0,531.35,527.75,529.9,2484609
2023-02-17T14:15:00+05:30,529.95,532.35,528.55,531.2,3058383
2023-02-17T15:15:00+05:30,531.1,531.5,530.25,531.0,1180292
2023-02-20T09:15:00+05:30,532.0,533.95,528.15,530.8,2277408
2023-02-20T10:15:00+05:30,530.8,530.95,528.55,528.65,939315
2023-02-20T11:15:00+05:30,528.65,529.4,525.6,526.05,1570407
2023-02-20T12:15:00+05:30,526.1,528.85,525.9,528.55,1093344
2023-02-20T13:15:00+05:30,528.6,529.0,524.4,524.7,2277589
2023-02-20T14:15:00+05:30,524.7,525.5,522.15,525.4,3331919
2023-02-20T15:15:00+05:30,525.5,526.2,525.0,525.15,1080050
2023-02-21T09:15:00+05:30,527.1,528.5,522.4,527.65,3011621
2023-02-21T10:15:00+05:30,527.7,528.95,526.8,527.95,1236770
2023-02-21T11:15:00+05:30,528.0,528.85,525.05,525.85,1224197
2023-02-21T12:15:00+05:30,525.95,525.95,523.3,525.05,1362887
2023-02-21T13:15:00+05:30,525.2,526.7,524.15,526.25,1063305
2023-02-21T14:15:00+05:30,526.25,526.45,522.55,523.0,1720124
2023-02-21T15:15:00+05:30,523.0,523.95,522.8,523.45,604314
2023-02-22T09:15:00+05:30,520.75,521.9,517.0,518.2,3156377
2023-02-22T10:15:00+05:30,518.25,518.25,515.5,516.65,1699846
2023-02-22T11:15:00+05:30,516.65,516.9,515.0,515.85,1372897
2023-02-22T12:15:00+05:30,515.85,516.55,515.1,516.15,1475609
2023-02-22T13:15:00+05:30,516.15,516.9,513.25,513.5,2551658
2023-02-22T14:15:00+05:30,513.5,517.4,512.5,516.5,2975376
2023-02-22T15:15:00+05:30,516.45,523.45,516.0,516.35,1531287
2023-02-23T09:15:00+05:30,516.95,519.5,511.35,519.2,4045522
2023-02-23T10:15:00+05:30,519.25,521.2,516.6,518.95,2242532
2023-02-23T11:15:00+05:30,519.0,519.1,516.0,516.5,1231610
2023-02-23T12:15:00+05:30,516.25,521.1,515.7,520.4,1986337
2023-02-23T13:15:00+05:30,520.5,523.25,518.85,521.9,2167891
2023-02-23T14:15:00+05:30,521.9,522.65,519.1,519.9,2738067
2023-02-23T15:15:00+05:30,519.95,524.0,519.7,521.0,1123126
2023-02-24T09:15:00+05:30,524.2,527.5,521.6,522.7,3543759
2023-02-24T10:15:00+05:30,522.7,524.95,521.2,523.0,1647207
2023-02-24T11:15:00+05:30,523.0,524.05,520.0,522.5,1510613
2023-02-24T12:15:00+05:30,522.55,523.5,520.65,521.4,901193
2023-02-24T13:15:00+05:30,521.35,522.15,519.05,520.05,1437657
2023-02-24T14:15:00+05:30,520.0,522.0,517.6,521.55,2499165
2023-02-24T15:15:00+05:30,521.55,521.8,520.7,521.05,713441
2023-02-27T09:15:00+05:30,521.1,525.8,519.0,521.8,2830598
2023-02-27T10:15:00+05:30,521.75,524.95,521.05,524.9,1056429
2023-02-27T11:15:00+05:30,524.8,527.0,524.05,525.25,1557794
2023-02-27T12:15:00+05:30,525.1,526.3,523.8,523.85,1034742
2023-02-27T13:15:00+05:30,523.85,529.8,523.75,527.65,1900794
2023-02-27T14:15:00+05:30,527.75,528.5,526.4,527.8,1532224
2023-02-27T15:15:00+05:30,527.75,528.2,526.95,527.7,1136218
2023-02-28T09:15:00+05:30,527.25,528.45,522.8,524.5,2244223
2023-02-28T10:15:00+05:30,524.5,526.0,523.5,524.9,1137438
2023-02-28T11:15:00+05:30,524.95,525.5,523.85,525.4,1306396
2023-02-28T12:15:00+05:30,525.45,527.0,525.4,526.05,1295015
2023-02-28T13:15:00+05:30,526.2,526.85,522.0,522.1,1732972
2023-02-28T14:15:00+05:30,522.15,525.1,522.0,523.05,4468233
2023-02-28T15:15:00+05:30,523.0,523.55,521.05,522.8,3583733
2023-03-01T09:15:00+05:30,523.25,529.0,523.1,528.6,2313386
2023-03-01T10:15:00+05:30,528.6,532.35,527.7,531.4,2770020
2023-03-01T11:15:00+05:30,531.45,532.9,531.35,531.7,1538432
2023-03-01T12:15:00+05:30,531.7,532.85,531.4,532.5,946967
2023-03-01T13:15:00+05:30,532.6,535.85,531.9,535.5,1934797
2023-03-01T14:15:00+05:30,535.55,537.0,534.85,536.55,2750533
2023-03-01T15:15:00+05:30,536.65,537.4,535.85,536.7,1256063
2023-03-02T09:15:00+05:30,535.95,538.9,532.6,538.0,3554377
2023-03-02T10:15:00+05:30,538.0,539.9,535.2,536.35,1758442
2023-03-02T11:15:00+05:30,536.35,536.5,534.5,535.6,933813
2023-03-02T12:15:00+05:30,535.75,536.5,534.3,535.35,899824
2023-03-02T13:15:00+05:30,535.4,535.95,533.6,534.7,882708
2023-03-02T14:15:00+05:30,534.7,536.25,533.5,533.9,1443495
2023-03-02T15:15:00+05:30,534.0,535.0,532.5,533.75,904254
2023-03-03T09:15:00+05:30,542.0,564.3,541.75,555.0,8529775
2023-03-03T10:15:00+05:30,554.9,558.0,554.55,556.8,3220713
2023-03-03T11:15:00+05:30,556.75,563.95,556.45,561.65,6088998
2023-03-03T12:15:00+05:30,561.65,562.5,558.8,561.0,2775412
2023-03-03T13:15:00+05:30,560.95,562.55,560.9,561.55,2248860
2023-03-03T14:15:00+05:30,561.6,562.85,560.4,560.85,3295654
2023-03-03T15:15:00+05:30,560.65,562.0,560.35,561.2,1496370
2023-03-06T09:15:00+05:30,564.9,567.85,562.3,567.6,4693014
2023-03-06T10:15:00+05:30,567.75,567.9,563.1,564.75,2783297
2023-03-06T11:15:00+05:30,564.6,564.75,561.0,561.5,2144355
2023-03-06T12:15:00+05:30,561.6,562.95,560.0,562.85,1750231
2023-03-06T13:15:00+05:30,562.85,563.1,559.0,560.75,1790772
2023-03-06T14:15:00+05:30,560.9,562.7,560.55,561.65,2177140
2023-03-06T15:15:00+05:30,561.75,561.95,561.2,561.8,820749
2023-03-08T09:15:00+05:30,560.0,561.4,556.45,558.7,4182791
2023-03-08T10:15:00+05:30,558.7,560.9,557.75,560.0,1279534
2023-03-08T11:15:00+05:30,560.05,560.85,559.2,559.7,840061
2023-03-08T12:15:00+05:30,559.65,561.0,559.5,560.55,748286
2023-03-08T13:15:00+05:30,560.6,564.2,560.4,563.4,1762379
2023-03-08T14:15:00+05:30,563.45,565.35,561.9,565.0,2673065
2023-03-08T15:15:00+05:30,565.0,565.5,563.5,564.8,1149434
2023-03-09T09:15:00+05:30,564.75,565.75,560.75,561.75,1927790
2023-03-09T10:15:00+05:30,561.75,563.35,561.2,562.95,998107
2023-03-09T11:15:00+05:30,563.0,564.3,561.95,562.95,1267825
2023-03-09T12:15:00+05:30,562.95,562.95,561.1,561.75,1101398
2023-03-09T13:15:00+05:30,561.65,562.55,559.65,560.15,1347043
2023-03-09T14:15:00+05:30,560.2,561.2,558.75,558.95,1544947
2023-03-09T15:15:00+05:30,558.9,559.5,558.0,558.9,806205
2023-03-10T09:15:00+05:30,553.1,554.95,547.0,548.8,3417360
2023-03-10T10:15:00+05:30,548.8,550.65,546.5,549.15,1577891
2023-03-10T11:15:00+05:30,549.05,549.25,547.3,548.05,879242
2023-03-10T12:15:00+05:30,547.6,549.0,546.1,548.85,1012219
2023-03-10T13:15:00+05:30,548.85,548.9,546.0,547.1,1195845
2023-03-10T14:15:00+05:30,547.05,547.8,545.0,546.9,2143629
2023-03-10T15:15:00+05:30,546.9,548.45,546.5,547.35,1296145
2023-03-13T09:15:00+05:30,547.0,553.15,546.15,548.35,2151399
2023-03-13T10:15:00+05:30,548.1,548.25,543.65,544.1,1231306
2023-03-13T11:15:00+05:30,544.0,544.65,541.45,541.9,1046819
2023-03-13T12:15:00+05:30,541.95,542.05,536.45,536.8,1757989
2023-03-13T13:15:00+05:30,536.85,537.45,532.0,533.5,2631774
2023-03-13T14:15:00+05:30,533.45,534.5,529.6,529.6,3818778
2023-03-13T15:15:00+05:30,529.55,530.0,528.45,530.0,1735042
2023-03-14T09:15:00+05:30,527.65,532.8,525.25,525.8,3617961
2023-03-14T10:15:00+05:30,525.85,525.85,520.0,520.85,2156995
2023-03-14T11:15:00+05:30,520.85,523.9,520.5,521.5,1351698
2023-03-14T12:15:00+05:30,521.7,528.4,521.05,521.8,2144300
2023-03-14T13:15:00+05:30,521.65,525.35,520.6,521.25,1772874
2023-03-14T14:15:00+05:30,521.05,527.45,520.0,526.65,2869489
2023-03-14T15:15:00+05:30,526.7,526.75,523.95,525.4,837250
2023-03-15T09:15:00+05:30,529.8,532.0,526.0,528.5,2371875
2023-03-15T10:15:00+05:30,528.5,529.25,525.5,527.0,1149085
2023-03-15T11:15:00+05:30,527.05,528.9,526.75,527.45,755818
2023-03-15T12:15:00+05:30,527.45,527.75,524.5,525.65,1216317
2023-03-15T13:15:00+05:30,525.65,528.85,524.8,525.3,1465740
2023-03-15T14:15:00+05:30,525.2,525.95,515.55,516.2,3116155
2023-03-15T15:15:00+05:30,516.4,517.85,515.7,517.55,1206933
2023-03-16T09:15:00+05:30,518.4,521.6,514.3,515.75,4562410
2023-03-16T10:15:00+05:30,515.75,525.3,515.5,523.65,4266444
2023-03-16T11:15:00+05:30,523.7,524.35,517.65,517.95,2378355
2023-03-16T12:15:00+05:30,517.95,519.9,517.0,518.9,1739998
2023-03-16T13:15:00+05:30,519.0,526.95,518.3,526.25,2573695
2023-03-16T14:15:00+05:30,526.45,529.35,521.75,523.9,3562323
2023-03-16T15:15:00+05:30,524.0,526.2,523.7,524.5,956660
2023-03-17T09:15:00+05:30,528.65,531.0,525.05,525.4,2365868
2023-03-17T10:15:00+05:30,525.3,526.65,521.25,521.6,1513776
2023-03-17T11:15:00+05:30,521.5,524.05,520.1,521.5,1561889
2023-03-17T12:15:00+05:30,521.4,522.8,520.45,522.35,1377488
2023-03-17T13:15:00+05:30,522.35,524.4,522.15,523.05,1640893
2023-03-17T14:15:00+05:30,523.05,531.6,521.25,530.1,6919095
2023-03-17T15:15:00+05:30,530.05,531.6,529.7,529.8,3407825
2023-03-20T09:15:00+05:30,526.6,526.6,518.55,521.3,2761956
2023-03-20T10:15:00+05:30,521.25,523.2,517.2,520.9,2156978
2023-03-20T11:15:00+05:30,520.9,521.75,517.5,517.6,1420288
2023-03-20T12:15:00+05:30,517.6,518.75,515.0,517.05,1761522
2023-03-20T13:15:00+05:30,517.05,518.2,515.4,516.65,1556696
2023-03-20T14:15:00+05:30,516.8,520.6,515.7,519.6,3422094
2023-03-20T15:15:00+05:30,519.55,520.4,519.2,519.2,1193338
2023-03-21T09:15:00+05:30,522.0,523.1,516.45,520.6,6027416
2023-03-21T10:15:00+05:30,520.55,521.9,518.55,519.2,3638476
2023-03-21T11:15:00+05:30,519.2,520.25,517.4,518.3,2954749
2023-03-21T12:15:00+05:30,518.25,521.55,518.15,521.2,4069944
2023-03-21T13:15:00+05:30,521.25,522.3,519.05,520.7,4303384
2023-03-21T14:15:00+05:30,520.7,523.45,520.65,521.3,6088409
2023-03-21T15:15:00+05:30,521.25,522.0,520.7,521.85,2401752
2023-03-22T09:15:00+05:30,522.2,527.0,522.15,525.0,3236733
2023-03-22T10:15:00+05:30,525.0,525.95,522.55,523.9,1496472
2023-03-22T11:15:00+05:30,523.95,525.0,523.2,523.8,1304794
2023-03-22T12:15:00+05:30,523.8,525.3,523.75,524.1,832222
2023-03-22T13:15:00+05:30,524.1,526.0,523.55,524.4,1185631
2023-03-22T14:15:00+05:30,524.45,524.95,520.1,522.05,2259507
2023-03-22T15:15:00+05:30,522.1,522.3,521.0,521.55,1302941
2023-03-23T09:15:00+05:30,519.4,521.0,516.05,519.35,5417704
2023-03-23T10:15:00+05:30,519.25,520.4,517.15,517.8,3151546
2023-03-23T11:15:00+05:30,517.8,518.15,516.7,517.9,2939674
2023-03-23T12:15:00+05:30,518.0,519.6,517.55,518.35,2938117
2023-03-23T13:15:00+05:30,518.45,519.4,517.5,518.0,1647125
2023-03-23T14:15:00+05:30,518.05,518.05,512.4,512.85,4276159
2023-03-23T15:15:00+05:30,512.7,513.1,511.5,512.75,1725476
2023-03-24T09:15:00+05:30,514.5,514.95,509.5,511.95,3566156
2023-03-24T10:15:00+05:30,511.9,513.1,510.4,512.7,1627403
2023-03-24T11:15:00+05:30,512.7,514.45,511.25,513.65,1696585
2023-03-24T12:15:00+05:30,513.7,514.15,511.35,513.75,1015062
2023-03-24T13:15:00+05:30,513.65,513.85,509.0,510.65,1672583
2023-03-24T14:15:00+05:30,510.65,510.65,505.05,506.75,3019452
2023-03-24T15:15:00+05:30,506.85,506.9,503.45,505.35,1817272
2023-03-27T09:15:00+05:30,507.0,510.0,501.55,507.7,4011052
2023-03-27T10:15:00+05:30,507.7,510.0,506.0,507.45,2107566
2023-03-27T11:15:00+05:30,507.25,510.0,506.4,510.0,1394799
2023-03-27T12:15:00+05:30,510.0,512.15,508.6,508.6,2599451
2023-03-27T13:15:00+05:30,508.6,511.7,508.2,510.6,1106951
2023-03-27T14:15:00+05:30,510.8,514.15,509.6,510.0,3605034
2023-03-27T15:15:00+05:30,510.0,510.25,508.55,510.15,847162
2023-03-28T09:15:00+05:30,511.45,511.75,508.2,510.4,3789543
2023-03-28T10:15:00+05:30,510.3,510.65,507.0,508.3,1661113
2023-03-28T11:15:00+05:30,508.25,508.95,507.25,507.6,1653214
2023-03-28T12:15:00+05:30,507.8,507.9,505.55,506.85,2112117
2023-03-28T13:15:00+05:30,507.0,507.9,504.3,504.85,2592382
2023-03-28T14:15:00+05:30,504.85,509.0,503.85,507.75,2759008
2023-03-28T15:15:00+05:30,507.8,509.4,507.2,508.1,1265856
2023-03-29T09:15:00+05:30,509.0,510.3,506.5,508.85,4257857
2023-03-29T10:15:00+05:30,508.9,511.8,508.8,509.7,2361147
2023-03-29T11:15:00+05:30,509.3,510.55,507.0,507.45,2266321
2023-03-29T12:15:00+05:30,507.4,509.7,506.3,509.1,2002649
2023-03-29T13:15:00+05:30,509.4,515.4,509.2,514.65,3465737
2023-03-29T14:15:00+05:30,514.8,517.2,512.1,517.1,6685234
2023-03-29T15:15:00+05:30,517.05,518.0,516.15,516.5,3147796
2023-03-31T09:15:00+05:30,520.65,523.3,519.55,520.8,4284603
2023-03-31T10:15:00+05:30,520.85,522.2,520.0,521.75,2365403
2023-03-31T11:15:00+05:30,521.75,522.5,520.25,520.55,1138043
2023-03-31T12:15:00+05:30,520.5,522.85,519.35,521.35,1414141
2023-03-31T13:15:00+05:30,521.3,523.7,520.5,522.2,2442354
2023-03-31T14:15:00+05:30,522.2,524.9,520.8,524.4,3839723
2023-03-31T15:15:00+05:30,524.45,524.5,522.55,523.0,1869072
2023-04-03T09:15:00+05:30,524.75,526.25,522.1,524.55,3536942
2023-04-03T10:15:00+05:30,524.55,526.0,523.75,524.85,1624306
2023-04-03T11:15:00+05:30,524.75,527.45,524.25,525.85,1844159
2023-04-03T12:15:00+05:30,525.55,528.0,525.25,526.6,2212950
2023-04-03T13:15:00+05:30,526.55,527.7,525.2,527.25,1570849
2023-04-03T14:15:00+05:30,527.25,528.5,526.1,526.6,2695935
2023-04-03T15:15:00+05:30,526.6,527.35,525.6,526.75,722992
2023-04-05T09:15:00+05:30,527.0,527.6,522.3,522.75,3579652
2023-04-05T10:15:00+05:30,522.65,523.35,519.05,520.65,3120661
2023-04-05T11:15:00+05:30,520.7,522.9,520.5,522.6,1113259
2023-04-05T12:15:00+05:30,522.6,523.0,522.2,522.75,778723
2023-04-05T13:15:00+05:30,522.8,522.9,520.65,522.3,1347559
2023-04-05T14:15:00+05:30,522.3,523.5,521.5,522.25,2145731
2023-04-05T15:15:00+05:30,522.25,523.9,522.0,523.0,1488433
2023-04-06T09:15:00+05:30,524.0,532.1,521.65,530.65,7015271
2023-04-06T10:15:00+05:30,530.7,533.7,529.45,532.35,4377020
2023-04-06T11:15:00+05:30,532.35,532.7,529.3,530.05,2030662
2023-04-06T12:15:00+05:30,530.0,531.0,529.4,529.6,1064106
2023-04-06T13:15:00+05:30,529.85,530.2,525.55,526.15,4034364
2023-04-06T14:15:00+05:30,526.2,529.3,525.85,528.5,4977117
2023-04-06T15:15:00+05:30,528.65,529.1,526.0,527.65,1621341
2023-04-10T09:15:00+05:30,529.25,530.4,525.25,527.75,5292522
2023-04-10T10:15:00+05:30,527.85,528.35,525.55,527.15,1707063
2023-04-10T11:15:00+05:30,527.2,528.7,525.0,527.8,3272187
2023-04-10T12:15:00+05:30,527.75,529.0,527.55,528.0,1262371
2023-04-10T13:15:00+05:30,528.1,529.85,527.15,527.3,2082301
2023-04-10T14:15:00+05:30,527.25,527.4,525.25,526.3,2606122
2023-04-10T15:15:00+05:30,526.3,527.0,524.4,526.3,1109626
2023-04-11T09:15:00+05:30,530.85,535.7,527.15,533.95,6855249
2023-04-11T10:15:00+05:30,533.95,535.15,532.6,533.4,3153420
2023-04-11T11:15:00+05:30,533.45,535.0,533.2,534.1,3198756
2023-04-11T12:15:00+05:30,534.35,534.45,532.2,532.35,1521914
2023-04-11T13:15:00+05:30,532.4,534.1,532.05,532.95,3497242
2023-04-11T14:15:00+05:30,532.7,533.4,531.0,532.4,6470478
2023-04-11T15:15:00+05:30,532.3,532.9,531.25,532.1,1715105
2023-04-12T09:15:00+05:30,533.2,534.0,529.0,530.0,6899662
2023-04-12T10:15:00+05:30,530.05,530.9,528.05,529.05,3186924
2023-04-12T11:15:00+05:30,529.05,530.85,529.0,529.75,1707945
2023-04-12T12:15:00+05:30,529.7,530.9,528.75,529.1,1706172
2023-04-12T13:15:00+05:30,529.25,530.3,527.15,528.3,3513312
2023-04-12T14:15:00+05:30,528.4,528.7,526.0,528.0,2948484
2023-04-12T15:15:00+05:30,527.95,529.4,527.8,528.2,1328333
2023-04-13T09:15:00+05:30,529.3,532.45,527.15,529.6,7666747
2023-04-13T10:15:00+05:30,529.7,530.4,528.35,529.25,3625001
2023-04-13T11:15:00+05:30,529.25,529.85,528.2,528.45,1368902
2023-04-13T12:15:00+05:30,528.45,531.4,527.2,530.0,2818209
2023-04-13T13:15:00+05:30,530.0,531.5,529.2,530.25,3415525
2023-04-13T14:15:00+05:30,530.15,534.25,530.0,534.1,8036739
2023-04-13T15:15:00+05:30,533.95,534.2,532.75,532.95,1665943
2023-04-17T09:15:00+05:30,528.0,537.0,528.0,532.95,7306729
2023-04-17T10:15:00+05:30,532.95,538.7,532.7,537.9,5199935
2023-04-17T11:15:00+05:30,537.95,543.0,537.25,541.4,5472685
2023-04-17T12:15:00+05:30,541.1,542.5,540.2,540.55,3848499
2023-04-17T13:15:00+05:30,540.55,543.3,539.0,542.7,3543872
2023-04-17T14:15:00+05:30,542.75,544.8,542.45,543.7,5238164
2023-04-17T15:15:00+05:30,543.7,545.0,543.5,544.2,1859567
2023-04-18T09:15:00+05:30,545.35,546.5,543.1,543.6,6042610
2023-04-18T10:15:00+05:30,543.65,548.15,543.5,546.9,5440198
2023-04-18T11:15:00+05:30,546.85,547.5,546.25,547.2,1483446
2023-04-18T12:15:00+05:30,547.2,548.5,546.7,547.8,1401414
2023-04-18T13:15:00+05:30,547.8,547.8,540.5,543.85,4692248
2023-04-18T14:15:00+05:30,543.85,546.0,543.8,545.9,2236754
2023-04-18T15:15:00+05:30,545.85,546.5,545.1,545.85,984210
2023-04-19T09:15:00+05:30,544.0,547.5,543.1,543.85,6370678
2023-04-19T10:15:00+05:30,543.8,544.3,542.7,543.85,4038797
2023-04-19T11:15:00+05:30,543.75,543.85,541.65,543.15,3290747
2023-04-19T12:15:00+05:30,543.05,544.5,542.8,543.15,2310768
2023-04-19T13:15:00+05:30,543.15,543.65,540.55,540.85,1136401
2023-04-19T14:15:00+05:30,540.7,541.35,539.0,540.85,2478138
2023-04-19T15:15:00+05:30,540.85,541.25,538.25,540.3,1529878
2023-04-20T09:15:00+05:30,541.2,542.4,536.65,541.15,5903882
2023-04-20T10:15:00+05:30,541.3,542.05,539.5,540.05,2128487
2023-04-20T11:15:00+05:30,540.3,541.85,540.0,541.45,2007021
2023-04-20T12:15:00+05:30,541.4,542.35,539.65,540.75,3211197
2023-04-20T13:15:00+05:30,540.75,542.2,540.0,540.5,4470001
2023-04-20T14:15:00+05:30,540.5,545.45,540.45,545.25,6317720
2023-04-20T15:15:00+05:30,545.3,545.4,543.8,544.8,1548546
2023-04-21T09:15:00+05:30,545.0,546.4,541.0,542.25,7591456
2023-04-21T10:15:00+05:30,542.25,542.95,540.5,542.55,2193318
2023-04-21T11:15:00+05:30,542.6,543.1,541.7,542.05,1886111
2023-04-21T12:15:00+05:30,542.05,542.2,539.7,540.45,2389613
2023-04-21T13:15:00+05:30,540.45,542.05,540.1,541.75,3492711
2023-04-21T14:15:00+05:30,541.75,543.85,540.75,543.85,4130429
2023-04-21T15:15:00+05:30,543.85,543.85,542.1,543.15,915063
2023-04-24T09:15:00+05:30,543.8,549.65,543.5,547.3,5673332
2023-04-24T10:15:00+05:30,547.3,549.45,546.3,549.1,2022201
2023-04-24T11:15:00+05:30,549.1,549.75,548.1,549.4,2830936
2023-04-24T12:15:00+05:30,549.25,551.75,549.25,551.4,4009360
2023-04-24T13:15:00+05:30,551.45,554.4,550.4,554.0,4021546
2023-04-24T14:15:00+05:30,554.0,555.0,553.4,554.8,3009399
2023-04-24T15:15:00+05:30,554.65,555.55,553.6,554.6,1768178
2023-04-25T09:15:00+05:30,555.05,562.4,555.0,561.7,10481378
2023-04-25T10:15:00+05:30,561.5,564.2,560.45,564.05,5868810
2023-04-25T11:15:00+05:30,564.0,567.9,563.45,564.2,6611866
2023-04-25T12:15:00+05:30,564.2,565.4,562.3,564.2,3037992
2023-04-25T13:15:00+05:30,564.35,565.0,563.2,564.45,4542319
2023-04-25T14:15:00+05:30,564.45,564.85,561.1,562.7,5741486
2023-04-25T15:15:00+05:30,562.7,562.7,560.1,561.8,1858007
2023-04-26T09:15:00+05:30,562.0,562.8,556.45,559.9,6699320
2023-04-26T10:15:00+05:30,559.85,564.7,558.5,564.3,4615537
2023-04-26T11:15:00+05:30,564.2,565.5,563.7,563.75,2197048
2023-04-26T12:15:00+05:30,563.75,565.0,563.2,563.85,1894598
2023-04-26T13:15:00+05:30,563.8,566.55,563.2,566.2,2668958
2023-04-26T14:15:00+05:30,566.2,566.8,563.8,566.3,3411315
2023-04-26T15:15:00+05:30,566.2,567.0,565.65,566.35,1656621
2023-04-27T09:15:00+05:30,565.0,567.4,562.8,563.1,3763406
2023-04-27T10:15:00+05:30,563.0,564.45,561.1,561.95,3659990
2023-04-27T11:15:00+05:30,561.75,564.1,561.5,563.45,1594422
2023-04-27T12:15:00+05:30,563.4,564.2,562.7,563.45,1469503
2023-04-27T13:15:00+05:30,563.45,565.5,563.2,564.45,2625210
2023-04-27T14:15:00+05:30,564.55,565.55,562.1,565.5,3322998
2023-04-27T15:15:00+05:30,565.3,565.7,563.8,564.75,1406465
2023-04-28T09:15:00+05:30,567.8,570.3,565.5,568.4,3996913
2023-04-28T10:15:00+05:30,568.4,569.5,568.0,568.95,1081286
2023-04-28T11:15:00+05:30,569.0,570.8,568.25,570.65,1600744
2023-04-28T12:15:00+05:30,570.85,571.5,569.9,570.8,1363715
2023-04-28T13:15:00+05:30,570.75,571.75,570.0,571.5,1455197
2023-04-28T14:15:00+05:30,571.6,578.85,569.7,578.25,4492706
2023-04-28T15:15:00+05:30,578.2,580.45,576.0,578.3,2192659
2023-05-02T09:15:00+05:30,580.0,580.85,578.2,578.7,3532600
2023-05-02T10:15:00+05:30,578.5,578.8,576.35,577.55,2514094
2023-05-02T11:15:00+05:30,577.55,577.75,576.55,576.9,1203989
2023-05-02T12:15:00+05:30,576.9,577.4,576.2,577.2,1237460
2023-05-02T13:15:00+05:30,577.2,578.45,576.65,577.85,1356995
2023-05-02T14:15:00+05:30,577.9,578.0,574.25,574.5,2741865
2023-05-02T15:15:00+05:30,574.5,576.0,573.15,575.3,1079688
2023-05-03T09:15:00+05:30,570.65,574.3,570.25,573.6,2204724
2023-05-03T10:15:00+05:30,573.65,575.0,572.7,574.75,1124113
2023-05-03T11:15:00+05:30,574.75,574.95,571.8,571.8,1157335
2023-05-03T12:15:00+05:30,571.85,573.9,571.15,572.8,1327094
2023-05-03T13:15:00+05:30,572.95,573.1,570.6,571.6,1273088
2023-05-03T14:15:00+05:30,571.6,572.5,570.0,570.85,1803314
2023-05-03T15:15:00+05:30,571.0,571.2,569.0,570.5,809299
2023-05-04T09:15:00+05:30,570.2,576.0,568.5,575.25,3706787
2023-05-04T10:15:00+05:30,575.25,580.0,575.0,578.85,2023245
2023-05-04T11:15:00+05:30,578.85,579.4,576.05,576.6,1146411
2023-05-04T12:15:00+05:30,576.4,578.1,576.2,577.05,1238882
2023-05-04T13:15:00+05:30,577.0,577.95,576.25,577.6,1045728
2023-05-04T14:15:00+05:30,577.55,580.5,576.9,580.05,2355308
2023-05-04T15:15:00+05:30,580.05,580.8,579.2,580.0,1017136
2023-05-05T09:15:00+05:30,580.2,587.65,580.2,587.25,4218572
2023-05-05T10:15:00+05:30,587.15,588.25,581.8,583.9,2472358
2023-05-05T11:15:00+05:30,583.85,584.25,579.3,583.5,2479184
2023-05-05T12:15:00+05:30,583.4,585.9,582.0,585.25,2067995
2023-05-05T13:15:00+05:30,585.15,585.5,581.4,582.8,2230525
2023-05-05T14:15:00+05:30,582.8,583.85,575.05,576.6,3832660
2023-05-05T15:15:00+05:30,576.75,577.0,575.1,576.5,859233
2023-05-08T09:15:00+05:30,577.65,582.65,577.35,578.6,2856718
2023-05-08T10:15:00+05:30,578.1,580.7,578.1,580.0,1682840
2023-05-08T11:15:00+05:30,579.9,582.4,579.65,581.5,1091890
2023-05-08T12:15:00+05:30,581.5,582.5,580.6,581.75,814533
2023-05-08T13:15:00+05:30,581.8,587.6,580.1,584.5,3332237
2023-05-08T14:15:00+05:30,584.3,584.65,581.6,584.1,2375068
2023-05-08T15:15:00+05:30,584.15,584.95,583.6,583.6,836230
2023-05-09T09:15:00+05:30,585.0,586.45,576.6,579.0,4399471
2023-05-09T10:15:00+05:30,579.0,580.6,578.4,579.2,1321944
2023-05-09T11:15:00+05:30,579.2,580.45,578.7,579.25,974628
2023-05-09T12:15:00+05:30,579.25,580.0,576.25,576.75,2215731
2023-05-09T13:15:00+05:30,576.8,577.6,572.7,575.05,3511965
2023-05-09T14:15:00+05:30,575.05,576.4,573.35,574.0,4543212
2023-05-09T15:15:00+05:30,573.95,574.2,572.1,573.5,1991118
2023-05-10T09:15:00+05:30,575.0,575.0,563.25,565.45,6067418
2023-05-10T10:15:00+05:30,565.15,568.7,564.55,567.1,2346424
2023-05-10T11:15:00+05:30,567.05,570.5,566.7,569.65,1871681
2023-05-10T12:15:00+05:30,569.6,572.55,569.35,570.9,2170639
2023-05-10T13:15:00+05:30,570.9,571.4,567.1,570.35,2099044
2023-05-10T14:15:00+05:30,570.3,573.4,568.25,572.5,3005597
2023-05-10T15:15:00+05:30,572.6,573.55,571.6,572.2,998327
2023-05-11T09:15:00+05:30,572.2,580.0,572.0,576.6,4263828
2023-05-11T10:15:00+05:30,576.5,577.4,574.6,575.0,2425801
2023-05-11T11:15:00+05:30,575.0,576.75,573.0,573.65,1534374
2023-05-11T12:15:00+05:30,573.65,575.45,573.0,574.8,2027449
2023-05-11T13:15:00+05:30,574.75,575.75,573.55,574.4,1705274
2023-05-11T14:15:00+05:30,574.4,576.5,572.8,573.4,3184137
2023-05-11T15:15:00+05:30,573.45,574.2,572.8,573.45,874853
2023-05-12T09:15:00+05:30,574.7,576.55,571.55,575.0,2630303
2023-05-12T10:15:00+05:30,574.85,576.75,574.6,575.6,892953
2023-05-12T11:15:00+05:30,575.4,576.0,573.5,575.15,1123460
2023-05-12T12:15:00+05:30,575.1,577.5,575.0,577.4,1222891
2023-05-12T13:15:00+05:30,577.4,579.8,576.45,579.6,2080641
2023-05-12T14:15:00+05:30,579.65,580.75,577.5,577.95,2534100
2023-05-12T15:15:00+05:30,577.95,578.8,577.5,578.15,834778
2023-05-15T09:15:00+05:30,578.75,582.0,574.65,581.95,2830917
2023-05-15T10:15:00+05:30,582.0,583.75,580.05,582.15,2300303
2023-05-15T11:15:00+05:30,582.1,583.6,581.35,582.1,1376441
2023-05-15T12:15:00+05:30,582.1,584.0,581.4,582.5,1113855
2023-05-15T13:15:00+05:30,582.5,583.15,581.55,582.15,1020461
2023-05-15T14:15:00+05:30,582.15,582.7,580.6,581.8,1992189
2023-05-15T15:15:00+05:30,581.8,582.75,581.15,581.9,774984
2023-05-16T09:15:00+05:30,584.0,586.05,582.0,585.75,4513383
2023-05-16T10:15:00+05:30,585.55,586.35,583.65,584.9,2828065
2023-05-16T11:15:00+05:30,584.9,587.0,583.95,584.8,2573655
2023-05-16T12:15:00+05:30,585.0,585.6,583.0,584.25,1841164
2023-05-16T13:15:00+05:30,584.25,590.2,583.55,588.7,4822823
2023-05-16T14:15:00+05:30,588.7,590.4,585.85,585.95,4345266
2023-05-16T15:15:00+05:30,586.05,586.75,584.7,586.3,1252858
2023-05-17T09:15:00+05:30,586.0,590.5,585.0,588.55,4548626
2023-05-17T10:15:00+05:30,588.55,589.35,586.7,587.75,3444749
2023-05-17T11:15:00+05:30,587.7,587.9,580.2,581.65,4003479
2023-05-17T12:15:00+05:30,581.65,583.3,579.5,580.45,3395135
2023-05-17T13:15:00+05:30,580.4,583.8,579.8,581.65,3155425
2023-05-17T14:15:00+05:30,581.6,585.95,580.6,585.8,3622744
2023-05-17T15:15:00+05:30,585.8,588.0,585.65,586.3,1568717
2023-05-18T09:15:00+05:30,590.3,590.4,584.35,586.35,5350461
2023-05-18T10:15:00+05:30,586.35,589.85,584.5,589.2,3906093
2023-05-18T11:15:00+05:30,589.1,589.3,587.2,588.0,1815859
2023-05-18T12:15:00+05:30,588.3,588.75,585.55,588.2,3134195
2023-05-18T13:15:00+05:30,588.25,593.9,576.3,581.25,17384600
2023-05-18T14:15:00+05:30,581.25,582.0,571.4,573.75,10980638
2023-05-18T15:15:00+05:30,573.7,576.5,572.65,574.2,3083492
2023-05-19T09:15:00+05:30,579.0,586.25,569.9,574.0,17415743
2023-05-19T10:15:00+05:30,574.25,577.9,572.3,575.75,5023958
2023-05-19T11:15:00+05:30,575.9,577.35,573.7,575.6,4572773
2023-05-19T12:15:00+05:30,575.6,576.85,573.8,574.8,3478775
2023-05-19T13:15:00+05:30,574.8,575.4,570.2,574.55,6223990
2023-05-19T14:15:00+05:30,574.5,576.5,573.95,575.25,3789500
2023-05-19T15:15:00+05:30,575.3,575.7,574.75,575.15,1786784
2023-05-22T09:15:00+05:30,577.5,578.45,573.45,576.0,5142533
2023-05-22T10:15:00+05:30,576.05,578.95,575.45,577.55,3015351
2023-05-22T11:15:00+05:30,577.5,580.15,576.65,580.0,3248905
2023-05-22T12:15:00+05:30,580.0,580.3,576.0,577.5,2399057
2023-05-22T13:15:00+05:30,577.55,578.95,574.5,578.9,3158612
2023-05-22T14:15:00+05:30,578.85,579.6,575.6,576.75,3559983
2023-05-22T15:15:00+05:30,576.7,577.95,576.4,577.15,958406
2023-05-23T09:15:00+05:30,578.9,580.45,576.8,579.45,3492604
2023-05-23T10:15:00+05:30,579.45,580.45,578.65,579.75,1665073
2023-05-23T11:15:00+05:30,579.8,580.25,578.2,579.4,1433896
2023-05-23T12:15:00+05:30,579.4,582.95,578.45,580.7,3094196
2023-05-23T13:15:00+05:30,580.7,583.6,579.85,583.25,2265763
2023-05-23T14:15:00+05:30,583.1,583.7,581.5,581.55,2766697
2023-05-23T15:15:00+05:30,581.55,582.0,580.05,581.6,1400554
2023-05-24T09:15:00+05:30,579.8,584.85,578.25,583.5,4485924
2023-05-24T10:15:00+05:30,583.7,584.8,582.65,583.4,1836230
2023-05-24T11:15:00+05:30,583.4,585.15,582.8,583.8,2342903
2023-05-24T12:15:00+05:30,583.75,585.25,582.7,582.85,2695068
2023-05-24T13:15:00+05:30,582.85,584.45,581.85,584.1,1882197
2023-05-24T14:15:00+05:30,584.35,584.9,580.65,582.95,3585131
2023-05-24T15:15:00+05:30,583.0,583.2,581.6,582.7,786322
2023-05-25T09:15:00+05:30,582.0,582.7,577.0,578.45,3937587
2023-05-25T10:15:00+05:30,578.4,581.0,577.6,580.6,2101809
2023-05-25T11:15:00+05:30,580.8,580.85,578.8,580.25,1102688
2023-05-25T12:15:00+05:30,580.1,581.0,578.65,579.5,1341438
2023-05-25T13:15:00+05:30,579.75,580.4,578.0,580.25,2121495
2023-05-25T14:15:00+05:30,580.25,582.9,579.9,580.9,4592623
2023-05-25T15:15:00+05:30,580.9,581.45,580.2,581.25,1280368
2023-05-26T09:15:00+05:30,581.25,586.45,580.55,584.75,3087208
2023-05-26T10:15:00+05:30,584.8,585.4,583.6,585.25,937430
2023-05-26T11:15:00+05:30,585.2,585.75,584.5,585.0,617339
2023-05-26T12:15:00+05:30,585.0,585.5,584.5,585.05,819508
2023-05-26T13:15:00+05:30,584.95,586.9,584.65,586.2,1044389
2023-05-26T14:15:00+05:30,586.0,587.75,585.5,585.95,2484082
2023-05-26T15:15:00+05:30,585.8,586.5,585.25,586.0,796660
2023-05-29T09:15:00+05:30,590.55,590.95,588.05,589.4,3704369
2023-05-29T10:15:00+05:30,589.4,593.9,588.8,593.75,2430309
2023-05-29T11:15:00+05:30,593.75,595.9,593.75,594.95,3809573
2023-05-29T12:15:00+05:30,594.95,595.75,593.85,593.85,1701104
2023-05-29T13:15:00+05:30,593.85,595.85,593.7,595.6,1886278
2023-05-29T14:15:00+05:30,595.65,596.4,593.75,595.05,3596905
2023-05-29T15:15:00+05:30,595.1,595.3,594.05,595.0,1303133
2023-05-30T09:15:00+05:30,595.0,595.45,591.5,595.25,2997978
2023-05-30T10:15:00+05:30,595.15,595.5,593.45,593.45,2626538
2023-05-30T11:15:00+05:30,593.45,594.6,592.7,592.85,2251023
2023-05-30T12:15:00+05:30,592.9,593.9,591.5,592.8,2480893
2023-05-30T13:15:00+05:30,592.85,594.75,592.25,594.75,1609258
2023-05-30T14:15:00+05:30,594.8,594.95,592.2,592.75,2412531
2023-05-30T15:15:00+05:30,592.75,593.25,592.1,592.8,653179
2023-05-31T09:15:00+05:30,583.8,584.45,579.0,582.6,4898277
2023-05-31T10:15:00+05:30,582.6,584.75,580.85,584.0,2745636
2023-05-31T11:15:00+05:30,584.15,584.8,581.55,582.0,1872243
2023-05-31T12:15:00+05:30,582.0,583.05,581.15,581.7,2202050
2023-05-31T13:15:00+05:30,581.8,583.25,581.55,582.55,2264018
2023-05-31T14:15:00+05:30,582.45,583.6,578.2,578.45,8081415
2023-05-31T15:15:00+05:30,578.45,581.3,577.5,579.85,6733559
2023-06-01T09:15:00+05:30,581.8,585.45,581.0,584.8,3886659
2023-06-01T10:15:00+05:30,584.8,585.35,583.5,584.5,2348930
2023-06-01T11:15:00+05:30,584.3,585.15,584.05,584.35,1298777
2023-06-01T12:15:00+05:30,584.35,586.4,584.05,586.05,1950754
2023-06-01T13:15:00+05:30,586.05,586.25,583.85,584.25,2642212
2023-06-01T14:15:00+05:30,584.35,584.65,582.0,582.65,4410320
2023-06-01T15:15:00+05:30,582.7,583.2,581.5,582.75,1282549
2023-06-02T09:15:00+05:30,584.7,586.5,583.0,585.45,3133848
2023-06-02T10:15:00+05:30,585.45,586.0,584.9,585.65,1061729
2023-06-02T11:15:00+05:30,585.65,587.9,585.25,587.2,1530199
2023-06-02T12:15:00+05:30,587.45,588.5,586.65,587.8,1091415
2023-06-02T13:15:00+05:30,587.9,588.9,586.3,586.75,1841808
2023-06-02T14:15:00+05:30,586.7,588.1,585.5,587.1,1734109
2023-06-02T15:15:00+05:30,587.3,587.8,586.3,587.2,930285
2023-06-05T09:15:00+05:30,588.5,589.8,587.85,588.7,2518457
2023-06-05T10:15:00+05:30,588.7,589.1,586.0,588.95,2939637
2023-06-05T11:15:00+05:30,588.9,589.2,586.6,588.0,1724717
2023-06-05T12:15:00+05:30,587.85,588.2,587.2,587.45,796941
2023-06-05T13:15:00+05:30,587.4,588.65,587.25,588.05,1863174
2023-06-05T14:15:00+05:30,588.05,588.4,586.45,587.7,2062297
2023-06-05T15:15:00+05:30,587.7,587.95,586.85,587.2,1015028
2023-06-06T09:15:00+05:30,588.0,588.9,584.3,585.5,2103565
2023-06-06T10:15:00+05:30,585.5,586.5,583.15,583.4,2033590
2023-06-06T11:15:00+05:30,583.3,585.0,583.0,584.05,1133472
2023-06-06T12:15:00+05:30,584.05,586.15,584.0,584.4,1785641
2023-06-06T13:15:00+05:30,584.4,585.55,583.8,584.5,1089373
2023-06-06T14:15:00+05:30,584.5,586.3,583.2,586.1,2274178
2023-06-06T15:15:00+05:30,586.0,587.0,585.1,585.35,778121
2023-06-07T09:15:00+05:30,588.0,588.5,586.0,587.1,1727664
2023-06-07T10:15:00+05:30,587.15,589.0,586.4,588.75,1822202
2023-06-07T11:15:00+05:30,588.7,589.3,587.5,588.0,1808005
2023-06-07T12:15:00+05:30,588.15,590.6,588.0,590.0,2037698
2023-06-07T13:15:00+05:30,590.0,590.2,588.3,588.35,1324137
2023-06-07T14:15:00+05:30,588.35,590.0,588.05,589.1,1756090
2023-06-07T15:15:00+05:30,589.0,589.3,588.5,589.2,637950
2023-06-08T09:15:00+05:30,589.95,593.4,588.9,592.7,2688231
2023-06-08T10:15:00+05:30,592.85,593.85,591.3,593.25,1876198
2023-06-08T11:15:00+05:30,593.1,593.95,589.5,589.9,2534933
2023-06-08T12:15:00+05:30,590.15,590.9,589.15,590.9,1378106
2023-06-08T13:15:00+05:30,590.75,593.85,590.35,593.1,3304045
2023-06-08T14:15:00+05:30,593.0,593.3,588.35,588.55,2630695
2023-06-08T15:15:00+05:30,588.6,588.9,586.35,588.5,1558989
2023-06-09T09:15:00+05:30,588.0,589.1,584.3,584.7,3660580
2023-06-09T10:15:00+05:30,584.7,585.3,580.0,580.9,2844776
2023-06-09T11:15:00+05:30,580.85,580.95,578.65,579.45,2664634
2023-06-09T12:15:00+05:30,579.4,580.5,576.75,578.6,2784191
2023-06-09T13:15:00+05:30,578.5,580.55,577.4,577.55,2957095
2023-06-09T14:15:00+05:30,577.5,579.85,576.8,579.0,2936890
2023-06-09T15:15:00+05:30,579.05,579.15,577.75,578.7,1022106
2023-06-12T09:15:00+05:30,580.0,581.5,577.75,579.15,1961845
2023-06-12T10:15:00+05:30,579.15,580.0,578.4,579.55,1400151
2023-06-12T11:15:00+05:30,579.6,580.25,578.45,579.85,998355
2023-06-12T12:15:00+05:30,580.0,580.5,578.7,579.25,976954
2023-06-12T13:15:00+05:30,579.25,580.35,579.0,579.8,1457776
2023-06-12T14:15:00+05:30,579.9,580.15,578.35,578.35,1413419
2023-06-12T15:15:00+05:30,578.45,578.75,577.7,578.65,576419
2023-06-13T09:15:00+05:30,579.45,581.4,577.2,577.25,1727944
2023-06-13T10:15:00+05:30,577.25,578.2,575.55,576.55,1914519
2023-06-13T11:15:00+05:30,576.5,577.2,575.25,575.6,2063454
2023-06-13T12:15:00+05:30,575.6,575.95,574.8,575.9,1461383
2023-06-13T13:15:00+05:30,575.85,576.65,574.85,575.05,1988892
2023-06-13T14:15:00+05:30,575.05,577.0,574.25,576.8,2473264
2023-06-13T15:15:00+05:30,576.8,577.15,576.15,576.4,981421
2023-06-14T09:15:00+05:30,577.0,578.55,576.35,577.1,1558332
2023-06-14T10:15:00+05:30,577.0,577.3,575.6,576.15,1390510
2023-06-14T11:15:00+05:30,576.15,578.0,575.25,577.65,1352639
2023-06-14T12:15:00+05:30,577.65,578.3,576.25,577.15,1528355
2023-06-14T13:15:00+05:30,577.05,578.2,576.55,577.25,1176223
2023-06-14T14:15:00+05:30,577.25,577.95,576.3,576.55,1375413
2023-06-14T15:15:00+05:30,576.6,576.85,575.8,576.55,566859
2023-06-15T09:15:00+05:30,576.0,576.55,574.0,574.65,2158640
2023-06-15T10:15:00+05:30,574.65,576.7,574.65,576.1,1594263
2023-06-15T11:15:00+05:30,576.1,576.45,574.8,575.25,1783028
2023-06-15T12:15:00+05:30,575.3,575.95,571.5,571.65,2954585
2023-06-15T13:15:00+05:30,571.6,572.6,570.0,570.0,2780288
2023-06-15T14:15:00+05:30,569.7,570.4,565.4,565.6,5326213
2023-06-15T15:15:00+05:30,565.9,566.75,565.25,566.5,1336456
2023-06-16T09:15:00+05:30,568.75,571.65,567.2,571.2,2079506
2023-06-16T10:15:00+05:30,571.3,572.25,569.55,570.5,971946
2023-06-16T11:15:00+05:30,570.55,571.5,569.05,570.7,1228246
2023-06-16T12:15:00+05:30,570.65,571.05,569.1,569.55,775086
2023-06-16T13:15:00+05:30,569.6,569.95,567.3,568.85,1198878
2023-06-16T14:15:00+05:30,569.05,574.6,568.9,570.9,4288904
2023-06-16T15:15:00+05:30,570.85,571.65,569.1,570.0,2076994
2023-06-19T09:15:00+05:30,571.25,572.45,567.35,568.75,3485228
2023-06-19T10:15:00+05:30,568.65,568.8,565.95,567.95,3086181
2023-06-19T11:15:00+05:30,567.85,568.2,566.2,566.9,1716782
2023-06-19T12:15:00+05:30,567.0,569.45,566.55,566.85,2455041
2023-06-19T13:15:00+05:30,566.85,568.75,566.35,567.95,1949381
2023-06-19T14:15:00+05:30,567.9,571.0,567.25,569.4,4225957
2023-06-19T15:15:00+05:30,569.45,569.7,568.3,569.2,941970
2023-06-20T09:15:00+05:30,568.85,569.35,565.25,565.45,2406594
2023-06-20T10:15:00+05:30,565.35,565.5,562.6,563.9,2049830
2023-06-20T11:15:00+05:30,563.85,564.7,562.75,564.5,1358615
2023-06-20T12:15:00+05:30,564.45,567.5,564.1,565.8,1632615
2023-06-20T13:15:00+05:30,565.85,566.4,564.1,565.35,2676234
2023-06-20T14:15:00+05:30,565.25,568.35,564.8,568.35,3140094
2023-06-20T15:15:00+05:30,568.35,568.5,567.35,568.0,1247097
2023-06-21T09:15:00+05:30,567.4,569.3,566.1,568.25,2450979
2023-06-21T10:15:00+05:30,568.25,569.1,566.55,566.75,2383473
2023-06-21T11:15:00+05:30,566.85,568.4,566.1,567.65,1175403
2023-06-21T12:15:00+05:30,567.6,568.75,567.3,567.95,1393309
2023-06-21T13:15:00+05:30,567.95,569.45,567.1,567.55,2099413
2023-06-21T14:15:00+05:30,567.5,567.55,566.2,566.55,3223122
2023-06-21T15:15:00+05:30,566.4,566.75,565.7,566.4,2189363
2023-06-22T09:15:00+05:30,566.35,569.0,565.05,565.75,2510155
2023-06-22T10:15:00+05:30,565.8,567.2,565.75,566.65,1282493
2023-06-22T11:15:00+05:30,566.5,567.05,563.7,564.8,1206136
2023-06-22T12:15:00+05:30,564.6,565.0,561.15,563.4,1408704
2023-06-22T13:15:00+05:30,563.3,566.3,562.6,564.75,2851771
2023-06-22T14:15:00+05:30,564.7,565.1,561.6,562.85,3846842
2023-06-22T15:15:00+05:30,562.85,563.75,561.85,562.9,1838774
2023-06-23T09:15:00+05:30,562.0,562.0,555.15,556.55,3406980
2023-06-23T10:15:00+05:30,556.6,558.9,556.45,558.35,1334081
2023-06-23T11:15:00+05:30,558.3,559.15,557.5,558.75,1099458
2023-06-23T12:15:00+05:30,558.75,560.3,557.65,558.05,1054017
2023-06-23T13:15:00+05:30,558.05,558.35,555.2,555.55,1680912
2023-06-23T14:15:00+05:30,555.7,556.35,554.5,554.75,2460327
2023-06-23T15:15:00+05:30,554.65,555.3,553.8,555.05,1140970
2023-06-26T09:15:00+05:30,556.0,558.45,554.6,555.75,2292734
2023-06-26T10:15:00+05:30,555.7,557.0,554.65,556.7,929021
2023-06-26T11:15:00+05:30,556.65,557.95,555.3,557.55,1009149
2023-06-26T12:15:00+05:30,557.5,558.2,556.15,557.2,1201339
2023-06-26T13:15:00+05:30,557.2,557.8,556.2,556.85,806838
2023-06-26T14:15:00+05:30,556.8,557.6,556.15,557.25,1389261
2023-06-26T15:15:00+05:30,557.25,557.5,556.3,557.3,711159
2023-06-27T09:15:00+05:30,558.25,559.65,558.05,558.55,1749642
2023-06-27T10:15:00+05:30,558.55,558.8,557.3,557.8,900550
2023-06-27T11:15:00+05:30,557.8,558.3,557.4,557.95,590351
2023-06-27T12:15:00+05:30,557.85,558.0,555.65,555.85,707169
2023-06-27T13:15:00+05:30,555.75,557.4,555.65,556.55,1169433
2023-06-27T14:15:00+05:30,556.5,566.5,556.4,566.35,4243648
2023-06-27T15:15:00+05:30,566.5,567.95,565.95,567.3,1313017
2023-06-28T09:15:00+05:30,572.25,573.25,569.15,571.05,3180619
2023-06-28T10:15:00+05:30,571.1,572.95,571.0,572.3,1684920
2023-06-28T11:15:00+05:30,572.3,574.0,571.75,571.75,2231323
2023-06-28T12:15:00+05:30,571.85,572.25,570.0,571.5,1890091
2023-06-28T13:15:00+05:30,571.5,572.35,570.15,571.3,2657687
2023-06-28T14:15:00+05:30,571.2,572.85,568.6,569.65,4326604
2023-06-28T15:15:00+05:30,569.45,571.5,568.7,570.55,1928596
2023-06-30T09:15:00+05:30,574.0,574.0,571.1,571.15,1731060
2023-06-30T10:15:00+05:30,571.1,571.9,570.3,571.35,995269
2023-06-30T11:15:00+05:30,571.35,572.4,571.0,572.3,863287
2023-06-30T12:15:00+05:30,572.35,572.75,571.0,572.3,1102296
2023-06-30T13:15:00+05:30,572.25,573.0,571.2,571.75,1163174
2023-06-30T14:15:00+05:30,571.75,573.7,571.35,573.15,1916001
2023-06-30T15:15:00+05:30,573.15,573.3,572.1,572.35,866391
2023-07-03T09:15:00+05:30,574.5,579.8,574.5,577.5,3340248
2023-07-03T10:15:00+05:30,577.4,579.45,576.2,577.95,1499427
2023-07-03T11:15:00+05:30,577.95,580.5,577.2,579.75,1992538
2023-07-03T12:15:00+05:30,579.75,583.5,579.15,582.8,2510011
2023-07-03T13:15:00+05:30,582.8,584.65,581.6,582.9,1785707
2023-07-03T14:15:00+05:30,582.85,586.3,582.35,584.9,2989481
2023-07-03T15:15:00+05:30,584.85,586.25,584.7,585.45,1253765
2023-07-04T09:15:00+05:30,588.2,589.25,582.3,586.6,5957182
2023-07-04T10:15:00+05:30,586.55,593.5,586.35,593.0,4737125
2023-07-04T11:15:00+05:30,592.85,595.95,592.35,595.1,3342239
2023-07-04T12:15:00+05:30,595.3,595.3,591.25,591.95,2570977
2023-07-04T13:15:00+05:30,592.15,594.15,589.55,589.55,2948769
2023-07-04T14:15:00+05:30,589.6,590.35,587.05,588.85,3695633
2023-07-04T15:15:00+05:30,588.85,589.85,588.25,588.85,1419895
2023-07-05T09:15:00+05:30,589.8,592.7,588.45,589.35,3268095
2023-07-05T10:15:00+05:30,589.35,593.65,588.5,591.65,2126508
2023-07-05T11:15:00+05:30,591.8,592.6,591.2,592.0,1197579
2023-07-05T12:15:00+05:30,592.0,592.85,588.75,589.0,1743831
2023-07-05T13:15:00+05:30,589.0,590.9,588.2,590.65,2474981
2023-07-05T14:15:00+05:30,590.8,591.5,589.0,591.0,1904810
2023-07-05T15:15:00+05:30,590.9,591.55,590.5,591.0,849463
2023-07-06T09:15:00+05:30,590.4,593.35,589.1,591.95,1593476
2023-07-06T10:15:00+05:30,591.95,592.2,589.8,591.2,1277566
2023-07-06T11:15:00+05:30,591.25,592.5,591.0,591.95,1377869
2023-07-06T12:15:00+05:30,592.0,592.15,590.05,590.5,1583538
2023-07-06T13:15:00+05:30,590.55,591.95,589.8,591.3,1426172
2023-07-06T14:15:00+05:30,591.3,593.5,591.2,592.4,2795673
2023-07-06T15:15:00+05:30,592.2,592.95,592.0,592.25,1198971
2023-07-07T09:15:00+05:30,590.0,593.35,590.0,591.25,1724198
2023-07-07T10:15:00+05:30,591.25,591.85,587.0,588.8,1528157
2023-07-07T11:15:00+05:30,588.9,589.35,586.7,587.2,886438
2023-07-07T12:15:00+05:30,587.15,587.35,585.5,586.4,1245473
2023-07-07T13:15:00+05:30,586.25,589.75,586.25,589.55,1603949
2023-07-07T14:15:00+05:30,589.55,595.5,589.45,592.8,3873235
2023-07-07T15:15:00+05:30,592.85,594.0,592.1,592.65,770363
2023-07-10T09:15:00+05:30,594.65,599.8,592.55,597.45,3989326
2023-07-10T10:15:00+05:30,597.45,597.5,594.5,595.45,1578908
2023-07-10T11:15:00+05:30,595.5,595.5,592.35,593.4,1356174
2023-07-10T12:15:00+05:30,593.2,594.5,592.45,594.05,832517
2023-07-10T13:15:00+05:30,594.05,595.0,593.2,593.25,1135797
2023-07-10T14:15:00+05:30,593.2,593.25,590.25,592.85,1639771
2023-07-10T15:15:00+05:30,592.75,593.9,591.2,591.75,845123
2023-07-11T09:15:00+05:30,595.0,595.9,588.8,591.05,3052857
2023-07-11T10:15:00+05:30,591.05,594.4,590.7,593.05,1786802
2023-07-11T11:15:00+05:30,593.2,594.45,592.15,593.0,1628700
2023-07-11T12:15:00+05:30,593.0,593.1,591.5,591.6,1154674
2023-07-11T13:15:00+05:30,591.65,592.1,589.5,590.2,1528016
2023-07-11T14:15:00+05:30,590.35,590.95,587.35,588.2,2902412
2023-07-11T15:15:00+05:30,588.25,589.45,588.0,589.25,1108452
2023-07-12T09:15:00+05:30,589.0,592.25,588.75,591.35,2639822
2023-07-12T10:15:00+05:30,591.3,594.5,590.0,593.75,1619550
2023-07-12T11:15:00+05:30,593.7,593.95,591.25,591.25,1379136
2023-07-12T12:15:00+05:30,591.15,592.8,590.6,592.55,1352103
2023-07-12T13:15:00+05:30,592.55,593.85,592.1,592.25,930374
2023-07-12T14:15:00+05:30,592.25,592.5,588.25,589.05,5470935
2023-07-12T15:15:00+05:30,589.0,589.8,588.65,589.6,2599692
2023-07-13T09:15:00+05:30,594.9,597.65,592.8,596.75,4213824
2023-07-13T10:15:00+05:30,596.75,597.1,594.4,595.95,1859187
2023-07-13T11:15:00+05:30,595.95,598.0,594.45,595.55,2242903
2023-07-13T12:15:00+05:30,595.55,596.25,594.3,595.55,1866663
2023-07-13T13:15:00+05:30,595.6,595.65,584.35,585.35,4447569
2023-07-13T14:15:00+05:30,585.35,588.4,583.55,586.2,4107156
2023-07-13T15:15:00+05:30,586.3,586.55,585.0,586.0,1137744
2023-07-14T09:15:00+05:30,586.75,591.3,586.75,589.05,3156836
2023-07-14T10:15:00+05:30,589.05,589.05,583.05,584.4,1652614
2023-07-14T11:15:00+05:30,584.4,585.5,582.1,583.0,1284969
2023-07-14T12:15:00+05:30,583.0,583.7,581.0,582.1,1178151
2023-07-14T13:15:00+05:30,582.15,582.85,580.7,581.3,1142435
2023-07-14T14:15:00+05:30,581.45,585.0,581.0,584.9,2630975
2023-07-14T15:15:00+05:30,584.6,584.85,583.75,584.85,1104989
2023-07-17T09:15:00+05:30,587.0,588.65,584.2,587.25,1943016
2023-07-17T10:15:00+05:30,587.25,590.45,586.8,588.95,1575743
2023-07-17T11:15:00+05:30,589.0,589.3,586.85,587.5,1176824
2023-07-17T12:15:00+05:30,587.5,591.45,586.1,590.9,1491988
2023-07-17T13:15:00+05:30,590.9,594.5,590.6,592.6,2843015
2023-07-17T14:15:00+05:30,592.5,602.75,592.25,602.3,7432487
2023-07-17T15:15:00+05:30,602.3,602.45,600.65,602.0,2880560
2023-07-18T09:15:00+05:30,603.05,603.95,597.0,600.35,5373092
2023-07-18T10:15:00+05:30,600.2,603.65,600.0,603.0,2592263
2023-07-18T11:15:00+05:30,603.05,603.2,593.8,594.75,4468824
2023-07-18T12:15:00+05:30,594.75,598.35,594.1,595.05,3495372
2023-07-18T13:15:00+05:30,594.8,597.1,594.05,594.7,3172565
2023-07-18T14:15:00+05:30,594.8,595.05,588.8,592.25,5118410
2023-07-18T15:15:00+05:30,592.4,592.9,591.1,592.5,1472852
2023-07-19T09:15:00+05:30,594.65,597.0,592.1,596.5,3400398
2023-07-19T10:15:00+05:30,596.5,599.5,595.15,595.35,2022820
2023-07-19T11:15:00+05:30,595.35,598.0,594.7,596.15,1277821
2023-07-19T12:15:00+05:30,596.1,599.65,595.9,598.3,2310352
2023-07-19T13:15:00+05:30,598.3,602.35,597.6,601.1,4396311
2023-07-19T14:15:00+05:30,601.1,602.25,598.65,601.7,3051806
2023-07-19T15:15:00+05:30,601.7,601.9,600.4,600.75,1058988
2023-07-20T09:15:00+05:30,601.4,606.0,599.15,604.95,6649147
2023-07-20T10:15:00+05:30,605.05,607.5,603.8,604.7,4356611
2023-07-20T11:15:00+05:30,604.6,606.85,603.75,606.45,2634543
2023-07-20T12:15:00+05:30,606.45,607.85,605.05,607.85,2997748
2023-07-20T13:15:00+05:30,607.75,610.25,607.2,608.9,8261426
2023-07-20T14:15:00+05:30,609.0,610.55,607.4,610.05,6758242
2023-07-20T15:15:00+05:30,610.05,610.6,609.1,610.0,2329560
2023-07-21T09:15:00+05:30,610.0,618.0,609.35,615.85,6432367
2023-07-21T10:15:00+05:30,615.8,619.5,613.8,617.9,3826030
2023-07-21T11:15:00+05:30,617.9,618.5,615.6,616.6,2553499
2023-07-21T12:15:00+05:30,616.65,617.75,612.8,617.5,2208819
2023-07-21T13:15:00+05:30,617.5,619.05,616.0,616.55,1966455
2023-07-21T14:15:00+05:30,616.55,617.05,613.2,615.45,2939688
2023-07-21T15:15:00+05:30,615.2,616.3,614.5,615.5,959898
2023-07-24T09:15:00+05:30,615.05,619.4,615.05,617.3,2361611
2023-07-24T10:15:00+05:30,617.4,619.0,616.9,618.7,1257324
2023-07-24T11:15:00+05:30,618.7,621.85,615.65,617.2,2361507
2023-07-24T12:15:00+05:30,617.05,619.45,616.5,619.05,1026551
2023-07-24T13:15:00+05:30,619.05,620.8,617.2,618.65,2102651
2023-07-24T14:15:00+05:30,618.55,619.05,616.4,617.55,1883454
2023-07-24T15:15:00+05:30,617.4,618.25,617.05,617.9,707071
2023-07-25T09:15:00+05:30,621.8,621.8,614.0,615.4,2617794
2023-07-25T10:15:00+05:30,615.4,615.4,611.15,611.95,1550959
2023-07-25T11:15:00+05:30,612.1,612.35,607.55,609.05,2205065
2023-07-25T12:15:00+05:30,609.05,610.25,607.1,607.1,2691782
2023-07-25T13:15:00+05:30,607.05,609.4,604.25,609.0,4201036
2023-07-25T14:15:00+05:30,609.2,612.4,607.6,609.35,4389176
2023-07-25T15:15:00+05:30,609.45,610.4,609.1,609.6,792487
2023-07-26T09:15:00+05:30,612.0,612.7,609.25,612.0,1897021
2023-07-26T10:15:00+05:30,612.0,614.3,611.1,612.75,1166094
2023-07-26T11:15:00+05:30,612.65,614.0,611.95,613.5,1285389
2023-07-26T12:15:00+05:30,613.45,614.0,612.5,614.0,871765
2023-07-26T13:15:00+05:30,614.2,616.3,611.85,615.3,2214641
2023-07-26T14:15:00+05:30,615.25,616.25,614.05,615.3,2063716
2023-07-26T15:15:00+05:30,615.3,615.65,614.4,614.85,468305
2023-07-27T09:15:00+05:30,616.4,618.2,614.95,617.3,2083597
2023-07-27T10:15:00+05:30,617.35,621.15,616.65,617.5,2730342
2023-07-27T11:15:00+05:30,617.6,617.65,614.45,616.2,2079900
2023-07-27T12:15:00+05:30,616.2,618.5,615.5,617.95,1979288
2023-07-27T13:15:00+05:30,617.85,618.8,614.7,615.3,2850474
2023-07-27T14:15:00+05:30,615.3,617.5,613.1,616.7,4385250
2023-07-27T15:15:00+05:30,616.7,617.5,616.3,617.0,1293438
2023-07-28T09:15:00+05:30,616.4,619.9,614.2,619.5,2492474
2023-07-28T10:15:00+05:30,619.5,619.6,616.6,616.6,1383982
2023-07-28T11:15:00+05:30,616.55,617.5,614.5,616.25,1887421
2023-07-28T12:15:00+05:30,616.15,616.9,614.7,615.65,1298386
2023-07-28T13:15:00+05:30,615.5,616.1,613.8,615.7,1404749
2023-07-28T14:15:00+05:30,615.7,618.6,615.25,615.8,2704534
2023-07-28T15:15:00+05:30,615.7,616.2,615.3,616.0,714154
2023-07-31T09:15:00+05:30,616.65,619.65,614.75,618.8,1704660
2023-07-31T10:15:00+05:30,618.8,619.8,618.0,619.35,676537
2023-07-31T11:15:00+05:30,619.4,621.0,619.0,619.25,1247595
2023-07-31T12:15:00+05:30,619.25,619.5,617.65,618.95,894937
2023-07-31T13:15:00+05:30,619.0,619.7,617.0,617.5,1357090
2023-07-31T14:15:00+05:30,617.5,620.85,617.45,620.65,1788486
2023-07-31T15:15:00+05:30,620.65,620.65,618.9,619.0,918260
2023-08-01T09:15:00+05:30,620.2,620.8,617.75,619.65,1843559
2023-08-01T10:15:00+05:30,619.5,619.75,616.05,616.5,1595695
2023-08-01T11:15:00+05:30,616.45,616.5,612.5,613.4,1316988
2023-08-01T12:15:00+05:30,613.2,613.5,610.65,612.9,2450803
2023-08-01T13:15:00+05:30,612.9,614.35,611.25,611.4,2354115
2023-08-01T14:15:00+05:30,611.35,613.35,610.9,611.7,2920387
2023-08-01T15:15:00+05:30,611.65,612.55,611.0,612.35,978201
2023-08-02T09:15:00+05:30,609.85,610.5,605.9,608.4,2228116
2023-08-02T10:15:00+05:30,608.5,609.25,603.65,604.1,1710114
2023-08-02T11:15:00+05:30,604.25,605.15,600.8,602.2,2247865
2023-08-02T12:15:00+05:30,602.35,604.0,600.25,600.5,1863798
2023-08-02T13:15:00+05:30,600.25,600.55,595.8,596.5,2641762
2023-08-02T14:15:00+05:30,596.45,599.5,594.1,599.5,3241924
2023-08-02T15:15:00+05:30,599.3,599.55,598.3,598.9,989463
2023-08-03T09:15:00+05:30,598.7,600.85,592.0,592.2,3941690
2023-08-03T10:15:00+05:30,592.2,594.2,590.7,593.05,2246914
2023-08-03T11:15:00+05:30,593.05,596.0,591.75,591.9,2839653
2023-08-03T12:15:00+05:30,591.9,592.65,587.0,590.35,5202877
2023-08-03T13:15:00+05:30,590.35,590.95,585.05,586.0,5239943
2023-08-03T14:15:00+05:30,586.0,590.8,585.9,590.8,6457974
2023-08-03T15:15:00+05:30,590.8,592.55,590.2,591.4,1806641
2023-08-04T09:15:00+05:30,594.8,594.8,588.0,592.6,5192114
2023-08-04T10:15:00+05:30,592.7,595.75,591.15,595.2,3041290
2023-08-04T11:15:00+05:30,595.2,598.7,595.0,596.8,3733668
2023-08-04T12:15:00+05:30,596.75,597.55,592.4,593.0,3603890
2023-08-04T13:15:00+05:30,592.95,594.5,572.25,576.35,22656784
2023-08-04T14:15:00+05:30,576.5,579.7,572.0,573.9,10996036
2023-08-04T15:15:00+05:30,574.0,574.15,571.5,573.2,3156285
2023-08-07T09:15:00+05:30,577.0,577.0,569.2,570.9,8580148
2023-08-07T10:15:00+05:30,571.1,572.0,567.15,568.2,4096145
2023-08-07T11:15:00+05:30,568.2,571.0,567.7,569.65,4063113
2023-08-07T12:15:00+05:30,569.45,570.4,567.5,568.65,2537666
2023-08-07T13:15:00+05:30,568.65,569.55,566.9,567.1,4340447
2023-08-07T14:15:00+05:30,567.0,568.9,566.65,568.25,6699345
2023-08-07T15:15:00+05:30,568.25,568.7,567.45,568.05,2061969
2023-08-08T09:15:00+05:30,571.0,573.3,568.7,572.8,4811778
2023-08-08T10:15:00+05:30,572.85,574.25,570.05,570.3,4231553
2023-08-08T11:15:00+05:30,570.3,572.0,568.55,571.45,3123211
2023-08-08T12:15:00+05:30,571.45,571.7,569.6,570.75,2576897
2023-08-08T13:15:00+05:30,570.75,572.5,569.6,571.75,2699042
2023-08-08T14:15:00+05:30,571.75,573.6,570.8,572.5,5706879
2023-08-08T15:15:00+05:30,572.55,573.9,572.5,573.7,1778441
2023-08-09T09:15:00+05:30,575.0,575.0,569.1,569.65,3726575
2023-08-09T10:15:00+05:30,569.65,570.8,569.35,570.05,1857996
2023-08-09T11:15:00+05:30,570.05,570.2,568.45,569.2,1919941
2023-08-09T12:15:00+05:30,569.25,570.7,568.8,570.6,2411239
2023-08-09T13:15:00+05:30,570.6,572.4,570.4,572.2,2095438
2023-08-09T14:15:00+05:30,572.2,574.2,571.2,573.95,2746258
2023-08-09T15:15:00+05:30,573.75,574.05,573.2,573.65,954976
2023-08-10T09:15:00+05:30,573.75,577.45,571.6,577.45,5818071
2023-08-10T10:15:00+05:30,577.5,577.6,570.2,572.85,5588420
2023-08-10T11:15:00+05:30,572.75,576.45,572.4,572.7,3794013
2023-08-10T12:15:00+05:30,572.9,574.85,572.5,573.25,2592077
2023-08-10T13:15:00+05:30,573.2,574.15,570.7,572.8,4475745
2023-08-10T14:15:00+05:30,572.9,574.5,571.4,573.6,3840442
2023-08-10T15:15:00+05:30,573.6,574.25,573.05,574.0,1160165
2023-08-11T09:15:00+05:30,575.45,576.95,572.0,575.0,3609859
2023-08-11T10:15:00+05:30,575.0,575.55,572.8,573.55,2350583
2023-08-11T11:15:00+05:30,573.55,578.9,573.45,577.6,4684717
2023-08-11T12:15:00+05:30,577.6,578.5,574.7,577.35,2259898
2023-08-11T13:15:00+05:30,577.45,577.45,574.55,575.85,1522091
2023-08-11T14:15:00+05:30,575.85,576.9,573.7,573.9,2361689
2023-08-11T15:15:00+05:30,574.0,574.7,573.8,574.5,1368666
2023-08-14T09:15:00+05:30,572.95,572.95,561.1,562.9,5427101
2023-08-14T10:15:00+05:30,563.15,563.65,560.05,560.5,3820626
2023-08-14T11:15:00+05:30,560.4,561.1,558.7,560.0,4070915
2023-08-14T12:15:00+05:30,560.05,560.4,558.75,558.95,2526174
2023-08-14T13:15:00+05:30,559.0,562.95,558.65,562.15,4634466
2023-08-14T14:15:00+05:30,562.05,562.7,560.2,560.7,5412416
2023-08-14T15:15:00+05:30,560.7,561.55,559.8,561.0,2125484
2023-08-16T09:15:00+05:30,558.8,566.0,554.4,564.85,5636973
2023-08-16T10:15:00+05:30,564.9,565.5,563.05,563.95,1820281
2023-08-16T11:15:00+05:30,563.95,565.0,562.1,564.9,1357173
2023-08-16T12:15:00+05:30,564.85,565.95,564.55,565.0,1633902
2023-08-16T13:15:00+05:30,565.0,565.95,563.7,564.0,1780296
2023-08-16T14:15:00+05:30,564.1,566.3,564.05,565.0,2324608
2023-08-16T15:15:00+05:30,565.1,565.8,564.65,565.3,1051738
2023-08-17T09:15:00+05:30,565.75,568.55,564.85,567.85,4259023
2023-08-17T10:15:00+05:30,567.8,569.2,567.2,567.7,3508561
2023-08-17T11:15:00+05:30,567.7,567.95,566.15,566.85,3000929
2023-08-17T12:15:00+05:30,566.65,567.2,565.0,566.4,2899598
2023-08-17T13:15:00+05:30,566.35,568.95,565.75,568.75,3353769
2023-08-17T14:15:00+05:30,568.8,573.0,568.15,572.7,8563392
2023-08-17T15:15:00+05:30,572.65,573.15,571.0,571.25,2259436
2023-08-18T09:15:00+05:30,570.0,573.2,567.8,570.6,3659661
2023-08-18T10:15:00+05:30,570.6,572.5,569.6,571.4,1421972
2023-08-18T11:15:00+05:30,571.5,572.5,570.8,571.3,1478608
2023-08-18T12:15:00+05:30,571.3,571.35,569.7,569.95,1609599
2023-08-18T13:15:00+05:30,569.95,572.4,569.65,571.8,3611014
2023-08-18T14:15:00+05:30,571.95,575.2,571.65,573.85,4978111
2023-08-18T15:15:00+05:30,573.7,574.0,570.75,571.15,1392281
2023-08-21T09:15:00+05:30,572.95,575.1,571.4,572.35,1994762
2023-08-21T10:15:00+05:30,572.35,573.95,571.9,572.95,1122015
2023-08-21T11:15:00+05:30,573.0,573.45,571.6,572.7,1771123
2023-08-21T12:15:00+05:30,572.7,573.9,572.3,573.25,853552
2023-08-21T13:15:00+05:30,573.3,573.85,572.15,572.6,1699580
2023-08-21T14:15:00+05:30,572.75,573.0,572.0,572.1,1080911
2023-08-21T15:15:00+05:30,572.05,572.25,570.85,571.3,819098
2023-08-22T09:15:00+05:30,572.5,574.0,571.85,573.05,2618112
2023-08-22T10:15:00+05:30,573.15,574.45,572.2,572.6,1304105
2023-08-22T11:15:00+05:30,572.6,572.65,569.75,570.25,1846197
2023-08-22T12:15:00+05:30,570.5,570.7,568.5,570.1,1767233
2023-08-22T13:15:00+05:30,570.1,570.5,569.1,570.0,2285155
2023-08-22T14:15:00+05:30,570.0,570.55,568.3,568.9,2892503
2023-08-22T15:15:00+05:30,568.85,568.95,567.55,568.2,1319465
2023-08-23T09:15:00+05:30,571.0,571.0,567.4,568.0,3910975
2023-08-23T10:15:00+05:30,568.0,571.95,566.0,571.3,2924655
2023-08-23T11:15:00+05:30,571.3,573.4,570.95,573.05,2027125
2023-08-23T12:15:00+05:30,573.2,574.55,572.4,573.7,2132258
2023-08-23T13:15:00+05:30,573.85,577.85,573.65,577.75,3759081
2023-08-23T14:15:00+05:30,577.85,577.95,576.0,576.85,2760457
2023-08-23T15:15:00+05:30,576.85,577.5,576.0,576.3,959015
2023-08-24T09:15:00+05:30,578.15,582.0,578.15,580.7,4951320
2023-08-24T10:15:00+05:30,580.7,581.15,577.0,577.9,2309408
2023-08-24T11:15:00+05:30,577.8,579.4,576.15,576.7,3326558
2023-08-24T12:15:00+05:30,576.7,577.85,575.75,576.4,2151872
2023-08-24T13:15:00+05:30,576.35,578.7,576.25,578.35,3664321
2023-08-24T14:15:00+05:30,578.4,578.6,575.6,576.8,6581908
2023-08-24T15:15:00+05:30,576.85,577.45,576.05,576.9,1083295
2023-08-25T09:15:00+05:30,573.8,575.25,571.1,573.1,1827863
2023-08-25T10:15:00+05:30,573.1,573.2,567.2,568.5,2153679
2023-08-25T11:15:00+05:30,568.6,573.45,568.2,571.55,2490968
2023-08-25T12:15:00+05:30,571.4,573.3,570.7,571.1,2479975
2023-08-25T13:15:00+05:30,571.15,572.25,570.0,570.8,931273
2023-08-25T14:15:00+05:30,570.7,572.5,569.1,569.8,1804278
2023-08-25T15:15:00+05:30,569.8,570.2,569.0,569.7,527154
2023-08-28T09:15:00+05:30,572.8,574.6,569.2,569.8,2426096
2023-08-28T10:15:00+05:30,569.75,571.45,569.55,570.8,1237385
2023-08-28T11:15:00+05:30,570.8,572.9,570.7,571.7,1645378
2023-08-28T12:15:00+05:30,571.55,573.35,571.55,572.45,1213320
2023-08-28T13:15:00+05:30,572.45,574.35,572.05,573.0,1135519
2023-08-28T14:15:00+05:30,572.9,573.75,572.05,572.85,1500465
2023-08-28T15:15:00+05:30,572.85,573.6,572.55,573.15,530699
2023-08-29T09:15:00+05:30,573.65,574.0,572.1,573.0,1592779
2023-08-29T10:15:00+05:30,573.05,573.1,571.9,572.15,1276581
2023-08-29T11:15:00+05:30,572.15,574.5,571.9,573.1,1263506
2023-08-29T12:15:00+05:30,573.15,574.75,572.0,574.25,1600482
2023-08-29T13:15:00+05:30,574.2,576.3,573.8,574.7,3024787
2023-08-29T14:15:00+05:30,574.65,575.5,572.9,575.2,3509451
2023-08-29T15:15:00+05:30,575.2,576.2,574.7,575.25,847249
2023-08-30T09:15:00+05:30,576.7,577.6,575.0,575.55,1704923
2023-08-30T10:15:00+05:30,575.6,576.6,574.7,575.2,1674058
2023-08-30T11:15:00+05:30,575.2,575.25,573.75,573.85,1705444
2023-08-30T12:15:00+05:30,573.75,573.95,571.25,572.45,2613421
2023-08-30T13:15:00+05:30,572.6,572.7,569.6,569.7,2763733
2023-08-30T14:15:00+05:30,569.7,570.05,567.6,568.05,3084780
2023-08-30T15:15:00+05:30,568.05,568.2,566.35,567.5,1709438
2023-08-31T09:15:00+05:30,569.3,570.25,567.2,568.3,3744786
2023-08-31T10:15:00+05:30,568.5,569.15,564.6,565.5,3641797
2023-08-31T11:15:00+05:30,565.5,566.25,564.7,566.0,2291625
2023-08-31T12:15:00+05:30,566.0,566.35,563.65,563.7,3047986
2023-08-31T13:15:00+05:30,563.7,566.7,563.0,564.7,2880301
2023-08-31T14:15:00+05:30,564.7,565.15,561.05,561.15,6992923
2023-08-31T15:15:00+05:30,561.05,562.4,559.55,562.15,5244988
2023-09-01T09:15:00+05:30,562.7,565.2,562.3,563.3,2384101
2023-09-01T10:15:00+05:30,563.45,568.0,563.2,567.25,3760545
2023-09-01T11:15:00+05:30,567.35,567.95,566.2,567.0,1974406
2023-09-01T12:15:00+05:30,566.9,569.5,566.55,568.4,3329397
2023-09-01T13:15:00+05:30,568.4,570.2,567.25,569.3,2452099
2023-09-01T14:15:00+05:30,569.3,571.15,568.9,569.35,3370301
2023-09-01T15:15:00+05:30,569.3,569.85,568.45,569.5,806514
2023-09-04T09:15:00+05:30,572.0,572.0,568.55,570.3,2038990
2023-09-04T10:15:00+05:30,570.35,572.55,569.2,572.3,2014722
2023-09-04T11:15:00+05:30,572.3,573.9,571.65,573.1,2485519
2023-09-04T12:15:00+05:30,573.1,573.85,572.85,573.7,1125118
2023-09-04T13:15:00+05:30,573.6,575.0,573.0,574.75,1626360
2023-09-04T14:15:00+05:30,574.6,576.35,573.9,575.05,2069787
2023-09-04T15:15:00+05:30,575.05,575.9,575.05,575.7,690189
2023-09-05T09:15:00+05:30,575.6,578.2,575.6,576.4,2058925
2023-09-05T10:15:00+05:30,576.4,576.6,573.1,573.75,2036064
2023-09-05T11:15:00+05:30,573.75,576.0,573.45,574.2,2202077
2023-09-05T12:15:00+05:30,574.3,574.6,572.0,573.25,1915220
2023-09-05T13:15:00+05:30,573.0,573.8,571.35,573.5,2358558
2023-09-05T14:15:00+05:30,573.35,574.3,572.45,573.2,2902534
2023-09-05T15:15:00+05:30,573.25,573.7,572.55,572.95,934793
2023-09-06T09:15:00+05:30,574.25,574.25,571.6,572.15,2823216
2023-09-06T10:15:00+05:30,572.2,573.55,571.35,571.55,2481445
2023-09-06T11:15:00+05:30,571.5,572.15,569.45,571.25,2674516
2023-09-06T12:15:00+05:30,571.2,571.45,569.15,569.9,1235825
2023-09-06T13:15:00+05:30,569.85,570.5,568.05,568.85,4134611
2023-09-06T14:15:00+05:30,568.8,571.3,568.3,570.1,5258315
2023-09-06T15:15:00+05:30,570.35,571.15,569.95,570.95,1968772
2023-09-07T09:15:00+05:30,568.0,575.5,568.0,574.3,2539566
2023-09-07T10:15:00+05:30,574.3,575.2,572.5,574.65,1086585
2023-09-07T11:15:00+05:30,574.6,575.0,572.25,572.5,1045543
2023-09-07T12:15:00+05:30,572.5,573.1,571.9,573.05,770975
2023-09-07T13:15:00+05:30,572.95,575.35,572.8,575.25,1213699
2023-09-07T14:15:00+05:30,575.25,579.35,574.6,578.25,3714482
2023-09-07T15:15:00+05:30,578.25,580.95,578.0,580.6,1946304
2023-09-08T09:15:00+05:30,581.0,584.7,579.7,583.2,3382742
2023-09-08T10:15:00+05:30,583.15,583.55,581.0,582.65,1259196
2023-09-08T11:15:00+05:30,582.65,586.25,582.5,586.25,2230699
2023-09-08T12:15:00+05:30,586.2,587.3,585.35,586.1,2011955
2023-09-08T13:15:00+05:30,585.9,587.65,584.9,587.0,1841655
2023-09-08T14:15:00+05:30,587.05,588.45,583.25,583.3,2545116
2023-09-08T15:15:00+05:30,583.35,583.8,582.25,583.35,723861
2023-09-11T09:15:00+05:30,587.0,591.25,585.55,590.35,3544543
2023-09-11T10:15:00+05:30,590.35,590.55,588.15,589.3,1480103
2023-09-11T11:15:00+05:30,589.3,591.0,589.25,589.95,940889
2023-09-11T12:15:00+05:30,589.95,591.0,589.65,589.75,831030
2023-09-11T13:15:00+05:30,589.7,590.45,589.25,589.85,961036
2023-09-11T14:15:00+05:30,589.85,592.3,589.65,591.55,2340950
2023-09-11T15:15:00+05:30,591.55,591.95,590.6,591.25,801326
2023-09-12T09:15:00+05:30,593.65,594.2,584.65,586.85,4829705
2023-09-12T10:15:00+05:30,587.0,589.25,585.4,588.8,1495367
2023-09-12T11:15:00+05:30,588.75,589.35,586.8,587.95,2118796
2023-09-12T12:15:00+05:30,587.85,588.15,584.95,586.65,2507177
2023-09-12T13:15:00+05:30,586.65,588.9,585.8,588.65,1432128
2023-09-12T14:15:00+05:30,588.65,590.35,586.9,588.0,2466988
2023-09-12T15:15:00+05:30,588.0,589.4,587.0,587.5,1141967
2023-09-13T09:15:00+05:30,588.4,589.4,583.45,584.35,3021897
2023-09-13T10:15:00+05:30,584.45,589.0,583.6,588.5,2301251
2023-09-13T11:15:00+05:30,588.55,590.45,587.9,589.65,1445105
2023-09-13T12:15:00+05:30,589.65,592.6,589.3,592.1,1609243
2023-09-13T13:15:00+05:30,592.2,598.0,592.0,596.55,4593873
2023-09-13T14:15:00+05:30,596.95,597.7,595.5,596.35,4304629
2023-09-13T15:15:00+05:30,596.4,597.0,595.1,596.0,2066127
2023-09-14T09:15:00+05:30,598.45,603.6,596.55,597.75,4556506
2023-09-14T10:15:00+05:30,597.7,600.05,596.45,599.55,2027053
2023-09-14T11:15:00+05:30,599.55,599.85,597.6,599.3,751158
2023-09-14T12:15:00+05:30,599.4,599.6,596.7,598.15,929349
2023-09-14T13:15:00+05:30,598.05,599.25,595.25,596.55,1535995
2023-09-14T14:15:00+05:30,596.6,598.3,596.55,597.15,2183937
2023-09-14T15:15:00+05:30,596.95,597.6,596.5,596.6,1130849
2023-09-15T09:15:00+05:30,599.35,600.2,596.05,597.3,1930953
2023-09-15T10:15:00+05:30,597.3,600.7,596.95,598.85,1317130
2023-09-15T11:15:00+05:30,598.75,599.95,598.05,598.5,937793
2023-09-15T12:15:00+05:30,598.6,598.6,595.2,597.15,1206872
2023-09-15T13:15:00+05:30,597.1,598.25,596.2,598.15,992345
2023-09-15T14:15:00+05:30,598.2,599.5,597.0,598.85,3314640
2023-09-15T15:15:00+05:30,598.7,599.65,597.9,598.1,1996073
2023-09-18T09:15:00+05:30,598.8,606.8,597.05,604.5,5038668
2023-09-18T10:15:00+05:30,604.45,607.0,603.45,606.6,2201998
2023-09-18T11:15:00+05:30,606.7,608.3,605.25,605.4,3404120
2023-09-18T12:15:00+05:30,605.4,606.0,605.0,605.5,1704358
2023-09-18T13:15:00+05:30,605.5,606.45,604.5,604.75,1797579
2023-09-18T14:15:00+05:30,604.7,607.45,603.65,603.7,3959725
2023-09-18T15:15:00+05:30,603.65,604.15,602.5,603.0,1159858
2023-09-20T09:15:00+05:30,600.85,604.35,600.3,602.05,5543969
2023-09-20T10:15:00+05:30,602.25,606.8,601.95,602.4,3340896
2023-09-20T11:15:00+05:30,602.45,604.3,602.15,603.55,1389107
2023-09-20T12:15:00+05:30,603.55,606.0,602.65,603.5,2239462
2023-09-20T13:15:00+05:30,603.7,604.1,600.65,602.35,3584504
2023-09-20T14:15:00+05:30,602.0,602.75,600.45,600.9,2585057
2023-09-20T15:15:00+05:30,600.9,601.65,600.75,601.0,2548137
2023-09-21T09:15:00+05:30,600.0,606.6,600.0,604.0,4444899
2023-09-21T10:15:00+05:30,603.75,604.4,602.3,604.2,1651065
2023-09-21T11:15:00+05:30,604.15,604.3,590.55,593.35,3295017
2023-09-21T12:15:00+05:30,593.4,593.55,584.95,586.0,4941976
2023-09-21T13:15:00+05:30,585.95,588.3,585.45,585.9,4725664
2023-09-21T14:15:00+05:30,585.8,588.5,585.45,588.15,3060943
2023-09-21T15:15:00+05:30,588.15,588.9,587.6,588.0,1236779
2023-09-22T09:15:00+05:30,593.5,600.85,592.1,595.75,6540850
2023-09-22T10:15:00+05:30,595.85,602.0,594.15,600.3,2962911
2023-09-22T11:15:00+05:30,600.3,601.5,598.25,599.5,1602648
2023-09-22T12:15:00+05:30,599.65,601.6,598.1,599.85,1905247
2023-09-22T13:15:00+05:30,599.85,600.35,597.85,599.5,2231580
2023-09-22T14:15:00+05:30,599.5,600.35,597.5,597.5,2291964
2023-09-22T15:15:00+05:30,597.75,598.95,597.3,598.7,1060728
2023-09-25T09:15:00+05:30,601.5,601.5,594.1,594.6,2246233
2023-09-25T10:15:00+05:30,594.6,596.0,591.6,591.8,1302026
2023-09-25T11:15:00+05:30,591.8,593.6,590.45,592.45,1491585
2023-09-25T12:15:00+05:30,592.5,595.5,592.5,594.9,1797044
2023-09-25T13:15:00+05:30,594.9,596.4,593.55,593.55,991685
2023-09-25T14:15:00+05:30,593.6,595.25,592.5,594.2,1168139
2023-09-25T15:15:00+05:30,594.25,594.3,593.55,594.15,608520
2023-09-26T09:15:00+05:30,594.0,595.0,592.6,594.2,1488786
2023-09-26T10:15:00+05:30,594.4,594.95,592.7,593.6,703946
2023-09-26T11:15:00+05:30,593.8,594.0,592.15,593.55,756730
2023-09-26T12:15:00+05:30,593.7,594.8,591.4,593.85,1415961
2023-09-26T13:15:00+05:30,593.75,594.45,593.0,593.6,1059377
2023-09-26T14:15:00+05:30,593.85,594.95,593.5,594.05,2115279
2023-09-26T15:15:00+05:30,594.25,595.0,593.9,594.5,744550
2023-09-27T09:15:00+05:30,593.45,594.3,589.6,589.8,1509664
2023-09-27T10:15:00+05:30,589.9,592.0,588.2,591.9,1249645
2023-09-27T11:15:00+05:30,591.9,592.1,589.3,589.55,1233214
2023-09-27T12:15:00+05:30,589.55,591.8,589.3,591.2,782756
2023-09-27T13:15:00+05:30,591.2,592.15,590.35,591.25,1609391
2023-09-27T14:15:00+05:30,591.4,591.65,589.2,589.25,2105521
2023-09-27T15:15:00+05:30,589.2,590.15,589.15,589.9,1329221
2023-09-28T09:15:00+05:30,591.25,593.05,589.75,592.55,3121334
2023-09-28T10:15:00+05:30,592.55,595.2,591.45,591.45,3334399
2023-09-28T11:15:00+05:30,591.6,592.4,590.5,591.65,1207571
2023-09-28T12:15:00+05:30,591.7,594.5,591.1,591.75,3778781
2023-09-28T13:15:00+05:30,591.9,592.0,589.2,589.85,1926793
2023-09-28T14:15:00+05:30,589.7,590.85,588.9,590.4,5293208
2023-09-28T15:15:00+05:30,590.3,591.05,589.05,590.5,3238514
2023-09-29T09:15:00+05:30,592.85,596.85,591.6,595.7,2276543
2023-09-29T10:15:00+05:30,595.7,597.25,594.25,595.65,1651734
2023-09-29T11:15:00+05:30,595.55,597.5,594.6,596.9,965806
2023-09-29T12:15:00+05:30,596.9,598.4,595.95,597.95,1327065
2023-09-29T13:15:00+05:30,597.9,599.2,596.8,598.6,1103776
2023-09-29T14:15:00+05:30,598.55,600.0,597.85,597.95,3492471
2023-09-29T15:15:00+05:30,597.95,599.8,597.8,598.3,1341561
